method,iter,quality_score,diagnostic_score,cust_column_shapes,cust_pair_trends,txn_column_shapes,cross_table_mad,ia_ks_pvalue,autocorr_mae,new_row_synthesis,dcr_protection
M1 HMA-GC,0,0.8723,1.0,0.9314,0.7421,0.8643,0.3799,0.0,0.0907,1.0,0.6175
M2 CTGAN,0,0.8439,0.9995,0.8275,0.5725,0.9052,0.3776,0.0043,0.0089,1.0,0.7015
M3 PAR,0,0.5742,0.7476,0.785,0.5574,0.7769,0.2944,0.0,0.047,1.0,0.7382
M4 TVAE,0,0.8775,1.0,0.7911,0.7761,0.8232,0.3739,0.0,0.0335,1.0,0.6762
M5 MST-DP,0,0.9262,0.9996,0.9217,0.8262,0.8454,0.386,0.0,0.5628,1.0,0.5607
M1 HMA-GC,1,0.8707,1.0,0.937,0.7272,0.8665,0.3692,0.0,0.0644,1.0,0.6304
M2 CTGAN,1,0.858,0.9995,0.8377,0.5806,0.9076,0.3788,0.0434,0.0047,1.0,0.7141
M3 PAR,1,0.5827,0.7411,0.773,0.556,0.7814,0.3129,0.0,0.0413,1.0,0.7573
M4 TVAE,1,0.884,1.0,0.791,0.7944,0.8298,0.3827,0.0,0.0118,1.0,0.6785
M5 MST-DP,1,0.9169,0.9997,0.9254,0.8319,0.8452,0.3801,0.0,0.5868,1.0,0.5785
M1 HMA-GC,2,0.8741,0.9999,0.94,0.7329,0.8662,0.3646,0.0,0.0729,1.0,0.6221
M2 CTGAN,2,0.8404,0.9984,0.8377,0.5662,0.9092,0.3809,0.0664,0.0106,1.0,0.6824
M3 PAR,2,0.634,0.731,0.7778,0.5465,0.7839,0.2886,0.0,0.0278,1.0,0.7601
M4 TVAE,2,0.8822,0.9995,0.796,0.7723,0.8267,0.3904,0.0,0.0188,1.0,0.6529
M5 MST-DP,2,0.8501,0.9993,0.9281,0.8344,0.8508,0.3789,0.0,0.5733,1.0,0.5613
M1 HMA-GC,3,0.8707,0.9998,0.9391,0.7372,0.8656,0.3855,0.0,0.0867,1.0,0.6386
M2 CTGAN,3,0.8432,0.9996,0.8354,0.575,0.9076,0.3983,0.0001,0.0259,1.0,0.7112
M3 PAR,3,0.5614,0.7426,0.7832,0.5232,0.7855,0.3092,0.0,0.0348,1.0,0.7331
M4 TVAE,3,0.8812,1.0,0.7974,0.7765,0.8244,0.3895,0.0,0.0226,1.0,0.6918
M5 MST-DP,3,0.9111,0.9996,0.923,0.8027,0.8461,0.3764,0.0,0.5691,1.0,0.5858
M1 HMA-GC,4,0.8734,1.0,0.9355,0.7347,0.8633,0.3784,0.0,0.0725,1.0,0.6362
M2 CTGAN,4,0.8577,0.9998,0.8365,0.5584,0.907,0.3863,0.0246,0.025,1.0,0.6903
M3 PAR,4,0.5771,0.738,0.7814,0.5344,0.7808,0.2934,0.0,0.0351,1.0,0.7294
M4 TVAE,4,0.8835,0.9999,0.787,0.7646,0.8263,0.3744,0.0,0.0377,1.0,0.6509
M5 MST-DP,4,0.937,0.9997,0.9275,0.8502,0.8486,0.4094,0.0,0.586,1.0,0.6086
M1 HMA-GC,5,0.8821,1.0,0.9336,0.7362,0.866,0.3843,0.0,0.0697,1.0,0.6195
M2 CTGAN,5,0.8436,0.9998,0.8411,0.556,0.9034,0.4066,0.0035,0.0064,1.0,0.6816
M3 PAR,5,0.6408,0.7444,0.7866,0.5488,0.7835,0.3004,0.0,0.0616,1.0,0.7593
M4 TVAE,5,0.8837,1.0,0.7925,0.782,0.8264,0.3921,0.0,0.0254,1.0,0.6671
M5 MST-DP,5,0.8515,0.9996,0.9235,0.813,0.8498,0.3946,0.0,0.5612,1.0,0.5981
M1 HMA-GC,6,0.8711,1.0,0.9409,0.7374,0.8646,0.3898,0.0,0.0672,1.0,0.6306
M2 CTGAN,6,0.845,0.9995,0.8363,0.5713,0.9058,0.3888,0.0524,0.0046,1.0,0.6926
M3 PAR,6,0.581,0.7433,0.7845,0.5627,0.7873,0.2909,0.0,0.0574,1.0,0.7855
M4 TVAE,6,0.8785,1.0,0.7887,0.774,0.8224,0.4002,0.0,0.0224,1.0,0.6738
M5 MST-DP,6,0.9198,0.9996,0.9246,0.8227,0.8435,0.3878,0.0,0.5627,1.0,0.5442
M1 HMA-GC,7,0.8822,1.0,0.938,0.7098,0.8655,0.3721,0.0,0.0853,1.0,0.6392
M2 CTGAN,7,0.8495,1.0,0.8411,0.5588,0.9074,0.4037,0.241,0.0123,1.0,0.6989
M3 PAR,7,0.6472,0.7474,0.7854,0.5317,0.7829,0.3027,0.0,0.0416,1.0,0.7324
M4 TVAE,7,0.8839,1.0,0.7929,0.7786,0.8269,0.376,0.0,0.0257,1.0,0.651
M5 MST-DP,7,0.8583,0.9997,0.92,0.8374,0.851,0.3708,0.0,0.579,1.0,0.6024
M1 HMA-GC,8,0.866,1.0,0.9385,0.7182,0.8642,0.3808,0.0,0.0785,1.0,0.6185
M2 CTGAN,8,0.8572,0.9999,0.8378,0.5839,0.9071,0.3974,0.0226,0.0148,1.0,0.7073
M3 PAR,8,0.5852,0.7454,0.7847,0.5388,0.7852,0.3206,0.0,0.0549,1.0,0.7469
M4 TVAE,8,0.8802,0.9999,0.7905,0.7759,0.8249,0.4002,0.0,0.0374,1.0,0.699
M5 MST-DP,8,0.9197,0.9997,0.9164,0.8385,0.8492,0.3957,0.0,0.5924,1.0,0.5888
M1 HMA-GC,9,0.8714,0.9999,0.9344,0.7463,0.8662,0.3822,0.0,0.0784,1.0,0.6119
M2 CTGAN,9,0.8607,0.9994,0.8364,0.5643,0.9097,0.3836,0.0132,0.0176,1.0,0.6743
M3 PAR,9,0.5791,0.7408,0.78,0.5357,0.7823,0.2894,0.0,0.0488,1.0,0.76
M4 TVAE,9,0.888,0.9999,0.7965,0.7725,0.8236,0.3926,0.0,0.0277,1.0,0.6707
M5 MST-DP,9,0.9305,0.9994,0.9225,0.8139,0.8466,0.3825,0.0,0.5854,1.0,0.6133
M1 HMA-GC,10,0.8819,1.0,0.9374,0.7346,0.8677,0.3947,0.0,0.0721,1.0,0.6364
M2 CTGAN,10,0.8517,1.0,0.8379,0.5587,0.9098,0.3933,0.0153,0.0078,1.0,0.6838
M3 PAR,10,0.6466,0.7448,0.7836,0.5265,0.783,0.3019,0.0,0.0706,1.0,0.7622
M4 TVAE,10,0.8825,1.0,0.7937,0.7749,0.8265,0.382,0.0,0.0393,1.0,0.6888
M5 MST-DP,10,0.8537,0.9997,0.924,0.8322,0.8468,0.3753,0.0,0.5805,1.0,0.5982
M1 HMA-GC,11,0.8737,1.0,0.9365,0.7249,0.8652,0.3582,0.0,0.0648,1.0,0.6238
M2 CTGAN,11,0.8574,1.0,0.8336,0.5516,0.908,0.3845,0.0971,0.0007,1.0,0.6867
M3 PAR,11,0.581,0.7427,0.7843,0.5395,0.779,0.2962,0.0,0.0475,1.0,0.7347
M4 TVAE,11,0.8816,1.0,0.7899,0.7638,0.8266,0.3972,0.0,0.0332,1.0,0.6958
M5 MST-DP,11,0.9266,0.9997,0.9237,0.8394,0.8487,0.3754,0.0,0.5853,1.0,0.5611
M1 HMA-GC,12,0.8729,1.0,0.9319,0.7394,0.8622,0.3643,0.0,0.0777,1.0,0.5995
M2 CTGAN,12,0.8444,0.9998,0.8399,0.561,0.9073,0.3925,0.0001,0.0136,1.0,0.6993
M3 PAR,12,0.567,0.7428,0.7885,0.5424,0.7857,0.2796,0.0,0.0361,1.0,0.7778
M4 TVAE,12,0.8825,1.0,0.7918,0.7797,0.8229,0.3866,0.0,0.0392,1.0,0.6789
M5 MST-DP,12,0.9237,0.9996,0.9255,0.8168,0.8468,0.3674,0.0,0.5683,1.0,0.6225
M1 HMA-GC,13,0.877,1.0,0.9315,0.7295,0.8654,0.3852,0.0,0.0636,1.0,0.6281
M2 CTGAN,13,0.8475,1.0,0.8233,0.5655,0.906,0.3845,0.0159,0.0046,1.0,0.6842
M3 PAR,13,0.6456,0.7465,0.7799,0.5473,0.7849,0.2817,0.0,0.0317,1.0,0.7261
M4 TVAE,13,0.8769,1.0,0.7928,0.7757,0.8213,0.395,0.0,0.0161,1.0,0.6676
M5 MST-DP,13,0.8565,0.9996,0.9191,0.8233,0.846,0.3886,0.0,0.543,1.0,0.5708
M1 HMA-GC,14,0.8642,1.0,0.9382,0.7249,0.8626,0.4016,0.0,0.0756,1.0,0.6194
M2 CTGAN,14,0.8333,0.9998,0.8375,0.5599,0.9065,0.4015,0.0004,0.0041,1.0,0.6886
M3 PAR,14,0.6297,0.7358,0.7816,0.5442,0.7835,0.3074,0.0,0.0371,1.0,0.7641
M4 TVAE,14,0.8607,0.9998,0.7915,0.7725,0.8221,0.3963,0.0,0.0225,1.0,0.6393
M5 MST-DP,14,0.8394,0.9996,0.9226,0.8396,0.8411,0.3913,0.0,0.5638,1.0,0.5956
M1 HMA-GC,15,0.8729,1.0,0.932,0.7413,0.8655,0.3716,0.0,0.0906,1.0,0.633
M2 CTGAN,15,0.8444,0.9997,0.8366,0.5548,0.9063,0.3949,0.0041,0.0162,1.0,0.6936
M3 PAR,15,0.5695,0.7442,0.7858,0.5351,0.7799,0.2888,0.0,0.0472,1.0,0.7769
M4 TVAE,15,0.8849,1.0,0.7911,0.7799,0.824,0.3901,0.0,0.02,1.0,0.6547
M5 MST-DP,15,0.9252,0.9995,0.9287,0.8258,0.8482,0.389,0.0,0.5715,1.0,0.5702
M1 HMA-GC,16,0.885,1.0,0.9384,0.7226,0.8647,0.3946,0.0,0.0725,1.0,0.594
M2 CTGAN,16,0.842,0.9997,0.8405,0.5529,0.9039,0.3892,0.0105,0.0081,1.0,0.7048
M3 PAR,16,0.6479,0.74,0.7849,0.5483,0.7803,0.3302,0.0,0.0362,1.0,0.7436
M4 TVAE,16,0.8767,0.9998,0.7935,0.7796,0.8256,0.4213,0.0,0.0311,1.0,0.6755
M5 MST-DP,16,0.8566,0.9996,0.9215,0.8212,0.8476,0.4007,0.0,0.5804,1.0,0.5905
M1 HMA-GC,17,0.881,1.0,0.9412,0.7241,0.8708,0.3951,0.0,0.0634,1.0,0.5983
M2 CTGAN,17,0.8469,0.9998,0.8372,0.5572,0.9046,0.415,0.0095,0.0028,1.0,0.7082
M3 PAR,17,0.6415,0.7421,0.785,0.5422,0.7858,0.3064,0.0,0.0307,1.0,0.7617
M4 TVAE,17,0.8812,1.0,0.796,0.7793,0.8219,0.4012,0.0,0.0161,1.0,0.6473
M5 MST-DP,17,0.8516,0.9996,0.9203,0.8392,0.8469,0.4036,0.0,0.5747,1.0,0.6004
M1 HMA-GC,18,0.8805,1.0,0.9311,0.7211,0.8651,0.3688,0.0,0.0796,1.0,0.6427
M2 CTGAN,18,0.8454,1.0,0.839,0.5509,0.9053,0.3868,0.0073,0.0067,1.0,0.6711
M3 PAR,18,0.6386,0.738,0.7851,0.5307,0.7839,0.2948,0.0,0.0413,1.0,0.7477
M4 TVAE,18,0.8779,1.0,0.7844,0.7726,0.8224,0.3922,0.0,0.0235,1.0,0.6771
M5 MST-DP,18,0.8554,0.9997,0.9249,0.8435,0.8438,0.3868,0.0,0.5918,1.0,0.5746
M1 HMA-GC,19,0.8873,1.0,0.9394,0.7394,0.8664,0.3843,0.0,0.0731,1.0,0.608
M2 CTGAN,19,0.8467,0.9999,0.8329,0.5752,0.9069,0.3862,0.0041,0.0083,1.0,0.674
M3 PAR,19,0.6416,0.7395,0.7842,0.545,0.7851,0.293,0.0,0.0137,1.0,0.7563
M4 TVAE,19,0.8758,1.0,0.7935,0.7562,0.8266,0.3888,0.0,0.0206,1.0,0.6876
M5 MST-DP,19,0.8555,0.9996,0.924,0.8285,0.837,0.3759,0.0,0.5823,1.0,0.5649
M1 HMA-GC,20,0.8764,1.0,0.9315,0.7255,0.864,0.3763,0.0,0.0758,1.0,0.6045
M2 CTGAN,20,0.8397,1.0,0.8394,0.5619,0.9077,0.3794,0.0046,0.0026,1.0,0.7114
M3 PAR,20,0.628,0.7455,0.7924,0.534,0.783,0.3028,0.0,0.0468,1.0,0.7465
M4 TVAE,20,0.8616,1.0,0.7999,0.774,0.8241,0.3992,0.0,0.0268,1.0,0.65
M5 MST-DP,20,0.8472,0.9997,0.92,0.8295,0.8486,0.3967,0.0,0.5825,1.0,0.556
M1 HMA-GC,21,0.881,0.9999,0.9397,0.7389,0.8634,0.3663,0.0,0.0874,1.0,0.6365
M2 CTGAN,21,0.8378,0.9992,0.8411,0.5541,0.9075,0.394,0.017,0.0006,1.0,0.6752
M3 PAR,21,0.6343,0.7402,0.7832,0.5433,0.7834,0.3082,0.0,0.0385,1.0,0.7415
M4 TVAE,21,0.8814,0.9999,0.7954,0.7782,0.8223,0.3942,0.0,0.0316,1.0,0.6777
M5 MST-DP,21,0.8582,0.9997,0.9286,0.846,0.8418,0.3813,0.0,0.5417,1.0,0.5678
M1 HMA-GC,22,0.8649,1.0,0.9356,0.7288,0.8627,0.3671,0.0,0.0861,1.0,0.63
M2 CTGAN,22,0.8454,0.9997,0.8392,0.5668,0.9056,0.3926,0.0103,0.0123,1.0,0.6735
M3 PAR,22,0.5697,0.741,0.7839,0.5593,0.7807,0.2877,0.0,0.0361,1.0,0.7571
M4 TVAE,22,0.8858,1.0,0.7951,0.7756,0.8285,0.3901,0.0,0.0345,1.0,0.6671
M5 MST-DP,22,0.9312,0.9997,0.9236,0.8491,0.8498,0.3714,0.0,0.5439,1.0,0.5781
M1 HMA-GC,23,0.8722,0.9999,0.9325,0.7353,0.8667,0.3846,0.0,0.087,1.0,0.6133
M2 CTGAN,23,0.86,0.9995,0.8381,0.5733,0.907,0.3966,0.0007,0.0015,1.0,0.6826
M3 PAR,23,0.5798,0.7419,0.7845,0.5418,0.7831,0.2985,0.0,0.0329,1.0,0.7118
M4 TVAE,23,0.889,1.0,0.8,0.7847,0.8208,0.3801,0.0,0.0273,1.0,0.6832
M5 MST-DP,23,0.9211,0.9995,0.9156,0.8024,0.8377,0.3843,0.0,0.5718,1.0,0.5881
M1 HMA-GC,24,0.8772,0.9999,0.9371,0.7416,0.8658,0.3817,0.0,0.0964,1.0,0.6214
M2 CTGAN,24,0.8569,0.9992,0.8344,0.5694,0.9072,0.3808,0.0091,0.0163,1.0,0.6897
M3 PAR,24,0.5847,0.7343,0.7833,0.5374,0.7858,0.2873,0.0,0.0416,1.0,0.754
M4 TVAE,24,0.8864,1.0,0.7938,0.7708,0.8251,0.3721,0.0,0.0336,1.0,0.6573
M5 MST-DP,24,0.9266,0.9992,0.9193,0.8011,0.8422,0.381,0.0,0.5601,1.0,0.5684
M1 HMA-GC,25,0.8706,1.0,0.9374,0.728,0.8637,0.382,0.0,0.0985,1.0,0.6288
M2 CTGAN,25,0.8453,0.9998,0.8328,0.554,0.9052,0.396,0.0061,0.0202,1.0,0.6819
M3 PAR,25,0.5742,0.7468,0.7808,0.5488,0.7787,0.3088,0.0,0.0559,1.0,0.7385
M4 TVAE,25,0.879,1.0,0.7861,0.772,0.8238,0.3987,0.0,0.0339,1.0,0.6891
M5 MST-DP,25,0.9258,0.9997,0.9221,0.8335,0.8496,0.3769,0.0,0.5804,1.0,0.5851
M1 HMA-GC,26,0.8712,1.0,0.9391,0.7265,0.8646,0.3778,0.0,0.0815,1.0,0.6275
M2 CTGAN,26,0.8454,1.0,0.8422,0.5627,0.9065,0.3838,0.0019,0.0108,1.0,0.6514
M3 PAR,26,0.5716,0.7493,0.7784,0.5415,0.7834,0.2953,0.0,0.0369,1.0,0.7753
M4 TVAE,26,0.8673,1.0,0.7856,0.7474,0.8246,0.381,0.0,0.0185,1.0,0.6826
M5 MST-DP,26,0.9238,0.9997,0.9246,0.8241,0.8476,0.3915,0.0,0.5593,1.0,0.581
M1 HMA-GC,27,0.8716,1.0,0.9395,0.7293,0.8635,0.366,0.0,0.0877,1.0,0.6068
M2 CTGAN,27,0.8463,1.0,0.8442,0.5559,0.9087,0.3954,0.0395,0.0227,1.0,0.6959
M3 PAR,27,0.5678,0.7423,0.7781,0.5376,0.7802,0.2999,0.0,0.0421,1.0,0.7206
M4 TVAE,27,0.885,1.0,0.7907,0.774,0.8286,0.406,0.0,0.0296,1.0,0.6746
M5 MST-DP,27,0.928,0.9996,0.9186,0.8394,0.8446,0.3982,0.0,0.583,1.0,0.5828
M1 HMA-GC,28,0.8764,1.0,0.9319,0.7158,0.8622,0.384,0.0,0.088,1.0,0.6354
M2 CTGAN,28,0.8366,0.9998,0.8435,0.5527,0.9079,0.3954,0.0061,0.0101,1.0,0.702
M3 PAR,28,0.6344,0.7364,0.7875,0.536,0.7854,0.3141,0.0,0.0617,1.0,0.7326
M4 TVAE,28,0.8802,1.0,0.7946,0.7766,0.828,0.394,0.0,0.0286,1.0,0.6755
M5 MST-DP,28,0.849,0.9995,0.9243,0.8166,0.8476,0.3806,0.0,0.5666,1.0,0.5921
M1 HMA-GC,29,0.874,0.9986,0.9366,0.7338,0.8644,0.3871,0.0,0.078,1.0,0.6378
M2 CTGAN,29,0.8598,0.9996,0.8367,0.5636,0.9074,0.421,0.0001,0.0141,1.0,0.676
M3 PAR,29,0.5835,0.7443,0.778,0.5375,0.7826,0.3209,0.0,0.0216,1.0,0.721
M4 TVAE,29,0.8846,0.9996,0.7912,0.7699,0.8254,0.4039,0.0,0.0261,1.0,0.6786
M5 MST-DP,29,0.9291,0.9996,0.9209,0.8412,0.8475,0.3993,0.0,0.5792,1.0,0.592
M1 HMA-GC,30,0.8767,1.0,0.9292,0.7175,0.8649,0.3932,0.0,0.0736,1.0,0.6277
M2 CTGAN,30,0.838,1.0,0.8406,0.5499,0.9092,0.4013,0.0122,0.0032,1.0,0.6834
M3 PAR,30,0.6341,0.7458,0.7835,0.5432,0.7805,0.2974,0.0,0.0338,1.0,0.7424
M4 TVAE,30,0.8631,1.0,0.7909,0.7783,0.8229,0.3804,0.0,0.0322,1.0,0.7125
M5 MST-DP,30,0.8516,0.9998,0.9213,0.8466,0.8481,0.396,0.0,0.5427,1.0,0.5802
M1 HMA-GC,31,0.8716,1.0,0.9368,0.7284,0.8631,0.3753,0.0,0.0845,1.0,0.6212
M2 CTGAN,31,0.8444,0.9999,0.8363,0.5505,0.9071,0.3773,0.0031,0.0202,1.0,0.7011
M3 PAR,31,0.5726,0.7479,0.79,0.5522,0.7839,0.2937,0.0,0.0497,1.0,0.7615
M4 TVAE,31,0.8796,1.0,0.7934,0.7544,0.8236,0.4062,0.0,0.0268,1.0,0.6579
M5 MST-DP,31,0.9283,0.9997,0.9235,0.8399,0.846,0.3818,0.0,0.5858,1.0,0.5695
M1 HMA-GC,32,0.8864,0.9999,0.9364,0.7441,0.8647,0.3912,0.0,0.0787,1.0,0.6278
M2 CTGAN,32,0.85,0.9998,0.8402,0.5731,0.9038,0.3936,0.0092,0.0109,1.0,0.6689
M3 PAR,32,0.6353,0.7478,0.7817,0.5414,0.7825,0.2919,0.0,0.0552,1.0,0.7574
M4 TVAE,32,0.8833,1.0,0.801,0.788,0.8298,0.3897,0.0,0.0352,1.0,0.6703
M5 MST-DP,32,0.8547,0.9994,0.9244,0.8189,0.85,0.3827,0.0,0.574,1.0,0.6012
M1 HMA-GC,33,0.8726,1.0,0.9361,0.7426,0.8633,0.3833,0.0,0.0759,1.0,0.6136
M2 CTGAN,33,0.861,0.9994,0.8365,0.5784,0.9061,0.4008,0.0024,0.0147,1.0,0.7137
M3 PAR,33,0.5824,0.7434,0.78,0.5424,0.7804,0.2932,0.0,0.0365,1.0,0.7603
M4 TVAE,33,0.8843,0.9999,0.7947,0.7832,0.8258,0.3829,0.0,0.0186,1.0,0.665
M5 MST-DP,33,0.9368,0.9996,0.924,0.8287,0.8495,0.3868,0.0,0.5693,1.0,0.6079
M1 HMA-GC,34,0.8759,1.0,0.9381,0.7296,0.8673,0.3825,0.0,0.0669,1.0,0.6105
M2 CTGAN,34,0.8619,1.0,0.8409,0.5696,0.9094,0.3958,0.0288,0.0075,1.0,0.6835
M3 PAR,34,0.587,0.7425,0.7845,0.5517,0.7833,0.2927,0.0,0.0338,1.0,0.7475
M4 TVAE,34,0.8891,1.0,0.7976,0.7738,0.8268,0.3873,0.0,0.0296,1.0,0.6729
M5 MST-DP,34,0.9347,0.9996,0.9228,0.8353,0.8493,0.3843,0.0,0.5618,1.0,0.5889
M1 HMA-GC,35,0.8679,1.0,0.932,0.7419,0.8632,0.3784,0.0,0.0768,1.0,0.6389
M2 CTGAN,35,0.8392,1.0,0.837,0.5571,0.9105,0.3822,0.0269,0.0102,1.0,0.6826
M3 PAR,35,0.5652,0.7415,0.7768,0.5267,0.7823,0.2979,0.0,0.0488,1.0,0.7379
M4 TVAE,35,0.8805,1.0,0.7924,0.7657,0.8283,0.3758,0.0,0.0308,1.0,0.6714
M5 MST-DP,35,0.9175,0.9997,0.9222,0.8264,0.8451,0.3817,0.0,0.57,1.0,0.5778
M1 HMA-GC,36,0.8784,0.9999,0.9338,0.7287,0.8615,0.3734,0.0,0.0799,1.0,0.6006
M2 CTGAN,36,0.8361,0.9993,0.8345,0.5619,0.9035,0.3885,0.0207,0.0145,1.0,0.6868
M3 PAR,36,0.6367,0.7471,0.7833,0.5628,0.7835,0.2903,0.0,0.0514,1.0,0.7483
M4 TVAE,36,0.8785,0.9999,0.7902,0.7887,0.8227,0.4068,0.0,0.0315,1.0,0.658
M5 MST-DP,36,0.8471,0.9996,0.9262,0.8265,0.8488,0.3978,0.0,0.5584,1.0,0.5577
M1 HMA-GC,37,0.8773,1.0,0.9377,0.7265,0.8661,0.3769,0.0,0.0765,1.0,0.6393
M2 CTGAN,37,0.8363,1.0,0.841,0.5558,0.9084,0.3741,0.0584,0.0093,1.0,0.6951
M3 PAR,37,0.6237,0.7443,0.7802,0.5306,0.7832,0.3014,0.0,0.0475,1.0,0.7323
M4 TVAE,37,0.8764,1.0,0.7845,0.7707,0.826,0.3789,0.0,0.0242,1.0,0.6877
M5 MST-DP,37,0.8552,0.9996,0.9237,0.8335,0.848,0.3871,0.0,0.5803,1.0,0.5697
M1 HMA-GC,38,0.8737,1.0,0.933,0.7385,0.8667,0.3754,0.0,0.0708,1.0,0.6174
M2 CTGAN,38,0.8575,0.9995,0.8374,0.5764,0.9052,0.397,0.0255,0.0012,1.0,0.6554
M3 PAR,38,0.5951,0.7445,0.7849,0.5669,0.7831,0.2903,0.0,0.0359,1.0,0.7819
M4 TVAE,38,0.8889,0.9999,0.7915,0.7784,0.8246,0.4016,0.0,0.0225,1.0,0.669
M5 MST-DP,38,0.9339,0.9996,0.9228,0.8376,0.8432,0.3897,0.0,0.5717,1.0,0.5931
M1 HMA-GC,39,0.8807,1.0,0.9359,0.7106,0.8687,0.3943,0.0,0.0849,1.0,0.6139
M2 CTGAN,39,0.8506,1.0,0.835,0.5566,0.9077,0.4029,0.0013,0.0184,1.0,0.6853
M3 PAR,39,0.6355,0.7479,0.7814,0.5476,0.7842,0.2835,0.0,0.0469,1.0,0.7211
M4 TVAE,39,0.8783,1.0,0.7983,0.7766,0.8258,0.3951,0.0,0.0373,1.0,0.6467
M5 MST-DP,39,0.8555,0.9996,0.925,0.8291,0.844,0.3907,0.0,0.579,1.0,0.6142
M1 HMA-GC,40,0.8775,1.0,0.9401,0.7248,0.8663,0.3597,0.0,0.073,,
M2 CTGAN,40,0.8421,1.0,0.8395,0.5667,0.912,0.3878,0.0293,0.013,,
M3 PAR,40,0.6318,0.7421,0.7825,0.5397,0.7859,0.3046,0.0,0.0711,,
M4 TVAE,40,0.8775,1.0,0.7902,0.7652,0.8246,0.4003,0.0,0.0223,,
M5 MST-DP,40,0.849,0.9997,0.9259,0.8283,0.8437,0.3753,0.0,0.564,,
M1 HMA-GC,41,0.8792,1.0,0.9358,0.7212,0.8677,0.3927,0.0,0.0642,,
M2 CTGAN,41,0.8519,0.9999,0.8441,0.5518,0.9092,0.4036,0.0581,0.0018,,
M3 PAR,41,0.6369,0.7414,0.7854,0.5569,0.7835,0.3047,0.0,0.0359,,
M4 TVAE,41,0.8826,1.0,0.7989,0.782,0.8239,0.3993,0.0,0.017,,
M5 MST-DP,41,0.8494,0.9995,0.923,0.8316,0.849,0.397,0.0,0.5588,,
M1 HMA-GC,42,0.8719,0.9999,0.9407,0.7437,0.8634,0.3931,0.0,0.0623,,
M2 CTGAN,42,0.8503,0.9995,0.8347,0.5783,0.9068,0.417,0.0073,0.0012,,
M3 PAR,42,0.5708,0.7458,0.7877,0.5308,0.7868,0.301,0.0,0.0081,,
M4 TVAE,42,0.8809,1.0,0.792,0.7828,0.8255,0.3894,0.0,0.0068,,
M5 MST-DP,42,0.9173,0.9997,0.9253,0.8224,0.8469,0.3942,0.0,0.5471,,
M1 HMA-GC,43,0.8817,1.0,0.9441,0.734,0.865,0.4031,0.0,0.0779,,
M2 CTGAN,43,0.8418,0.9999,0.835,0.5523,0.905,0.4106,0.0188,0.0128,,
M3 PAR,43,0.6394,0.7386,0.7746,0.5301,0.7845,0.3447,0.0,0.035,,
M4 TVAE,43,0.8736,1.0,0.7902,0.783,0.8238,0.4385,0.0,0.0229,,
M5 MST-DP,43,0.8511,0.9996,0.9211,0.8145,0.8497,0.4111,0.0,0.5632,,
M1 HMA-GC,44,0.8711,0.999,0.9416,0.7342,0.8634,0.3969,0.0,0.0711,,
M2 CTGAN,44,0.8524,0.9995,0.8383,0.5765,0.9035,0.3958,0.0018,0.0077,,
M3 PAR,44,0.5788,0.7404,0.7846,0.5488,0.7814,0.3024,0.0,0.0213,,
M4 TVAE,44,0.8833,0.999,0.7895,0.774,0.8246,0.3939,0.0,0.0233,,
M5 MST-DP,44,0.9324,0.9997,0.9228,0.8351,0.8457,0.3957,0.0,0.5353,,
M1 HMA-GC,45,0.883,1.0,0.9372,0.7324,0.8665,0.3746,0.0,0.0909,,
M2 CTGAN,45,0.8459,0.9993,0.8353,0.5547,0.9078,0.3857,0.031,0.0239,,
M3 PAR,45,0.6369,0.7364,0.7861,0.5542,0.7819,0.2912,0.0,0.0503,,
M4 TVAE,45,0.8739,0.9999,0.794,0.7764,0.8229,0.3815,0.0,0.0384,,
M5 MST-DP,45,0.85,0.9997,0.9269,0.8377,0.8499,0.3896,0.0,0.5969,,
M1 HMA-GC,46,0.8697,1.0,0.9329,0.7171,0.8625,0.3789,0.0,0.0831,,
M2 CTGAN,46,0.8586,0.9996,0.837,0.5562,0.9073,0.3924,0.0206,0.002,,
M3 PAR,46,0.59,0.7467,0.7868,0.5575,0.7867,0.2864,0.0,0.0394,,
M4 TVAE,46,0.8855,1.0,0.7898,0.7703,0.8265,0.3899,0.0,0.0198,,
M5 MST-DP,46,0.9334,0.9996,0.919,0.8354,0.8462,0.3796,0.0,0.5693,,
M1 HMA-GC,47,0.8709,1.0,0.9395,0.7231,0.8685,0.3693,0.0,0.0736,,
M2 CTGAN,47,0.8483,0.9998,0.835,0.5618,0.9131,0.383,0.1061,0.0029,,
M3 PAR,47,0.5785,0.7465,0.7825,0.5455,0.7824,0.2826,0.0,0.0446,,
M4 TVAE,47,0.8832,1.0,0.789,0.7778,0.8232,0.3768,0.0,0.0198,,
M5 MST-DP,47,0.9205,0.9996,0.9257,0.8164,0.8463,0.3667,0.0,0.5595,,
M1 HMA-GC,48,0.8744,1.0,0.9321,0.7225,0.8646,0.3929,0.0,0.0814,,
M2 CTGAN,48,0.8473,1.0,0.84,0.5703,0.9095,0.4063,0.0104,0.0089,,
M3 PAR,48,0.6287,0.7463,0.7893,0.5454,0.7797,0.3103,0.0,0.0533,,
M4 TVAE,48,0.8793,1.0,0.7945,0.7845,0.8253,0.4087,0.0,0.0238,,
M5 MST-DP,48,0.8398,0.9996,0.9191,0.8424,0.8463,0.3982,0.0,0.5608,,
M1 HMA-GC,49,0.8688,1.0,0.9375,0.7435,0.8633,0.3812,0.0,0.0867,,
M2 CTGAN,49,0.8467,0.9994,0.839,0.5609,0.9099,0.4007,0.0242,0.009,,
M3 PAR,49,0.5714,0.7443,0.7854,0.5351,0.7871,0.3212,0.0,0.053,,
M4 TVAE,49,0.8839,1.0,0.7901,0.7928,0.8265,0.3831,0.0,0.0321,,
M5 MST-DP,49,0.9248,0.9997,0.9262,0.8224,0.847,0.3921,0.0,0.5615,,
M1 HMA-GC,50,0.8751,1.0,0.9399,0.7353,0.8633,0.3902,0.0,0.085,,
M2 CTGAN,50,0.8616,0.9998,0.844,0.5548,0.9057,0.4084,0.0091,0.0151,,
M3 PAR,50,0.5864,0.7457,0.7776,0.5461,0.7803,0.3041,0.0,0.0562,,
M4 TVAE,50,0.8934,1.0,0.7969,0.7833,0.8269,0.4007,0.0,0.0193,,
M5 MST-DP,50,0.931,0.9996,0.9239,0.8372,0.8457,0.381,0.0,0.5434,,
M1 HMA-GC,51,0.8701,1.0,0.9358,0.7332,0.8658,0.3801,0.0,0.0673,,
M2 CTGAN,51,0.8468,1.0,0.8359,0.5608,0.9093,0.3962,0.0013,0.0101,,
M3 PAR,51,0.5696,0.7403,0.7863,0.5561,0.7826,0.3061,0.0,0.0138,,
M4 TVAE,51,0.8859,1.0,0.7953,0.7813,0.828,0.3884,0.0,0.013,,
M5 MST-DP,51,0.9252,0.9996,0.9226,0.8378,0.8491,0.3864,0.0,0.5862,,
M1 HMA-GC,52,0.8797,0.9982,0.9415,0.7206,0.8646,0.3807,0.0,0.062,,
M2 CTGAN,52,0.8467,0.9992,0.8344,0.5594,0.905,0.3823,0.0032,0.0012,,
M3 PAR,52,0.6303,0.7329,0.7735,0.5404,0.784,0.3343,0.0,0.0168,,
M4 TVAE,52,0.8886,0.9988,0.7935,0.7933,0.8274,0.4011,0.0,0.0104,,
M5 MST-DP,52,0.8594,0.9997,0.9231,0.8514,0.8458,0.3705,0.0,0.5327,,
M1 HMA-GC,53,0.8775,1.0,0.937,0.7198,0.866,0.3817,0.0,0.079,,
M2 CTGAN,53,0.8364,1.0,0.8366,0.5606,0.9066,0.4006,0.0012,0.0112,,
M3 PAR,53,0.6355,0.7429,0.7841,0.5437,0.78,0.2932,0.0,0.0284,,
M4 TVAE,53,0.8761,1.0,0.7937,0.766,0.8223,0.383,0.0,0.0305,,
M5 MST-DP,53,0.8502,0.9996,0.915,0.8269,0.8468,0.3941,0.0,0.5638,,
M1 HMA-GC,54,0.879,1.0,0.933,0.725,0.8665,0.3822,0.0,0.0949,,
M2 CTGAN,54,0.8334,0.9996,0.8345,0.5633,0.9091,0.387,0.0475,0.0212,,
M3 PAR,54,0.6364,0.734,0.7892,0.5556,0.7824,0.3047,0.0,0.0722,,
M4 TVAE,54,0.8795,1.0,0.7995,0.7841,0.8259,0.3845,0.0,0.0427,,
M5 MST-DP,54,0.8518,0.9993,0.9255,0.8413,0.8518,0.3879,0.0,0.5638,,
M1 HMA-GC,55,0.8814,1.0,0.9358,0.7202,0.8669,0.3929,0.0,0.0772,,
M2 CTGAN,55,0.8426,1.0,0.8425,0.5441,0.9054,0.4142,0.0241,0.0137,,
M3 PAR,55,0.643,0.7489,0.785,0.5444,0.7861,0.3065,0.0,0.0179,,
M4 TVAE,55,0.8782,1.0,0.7879,0.7857,0.824,0.3961,0.0,0.0315,,
M5 MST-DP,55,0.8503,0.9997,0.9212,0.8373,0.8506,0.3986,0.0,0.5597,,
M1 HMA-GC,56,0.8761,1.0,0.936,0.7195,0.8657,0.3688,0.0,0.0879,,
M2 CTGAN,56,0.8423,0.9999,0.831,0.5673,0.9077,0.3999,0.0045,0.0238,,
M3 PAR,56,0.6361,0.7466,0.7829,0.5489,0.7803,0.2913,0.0,0.0583,,
M4 TVAE,56,0.873,1.0,0.7846,0.7687,0.8233,0.3841,0.0,0.0365,,
M5 MST-DP,56,0.8484,0.9995,0.9242,0.829,0.8411,0.3687,0.0,0.5608,,
M1 HMA-GC,57,0.8855,1.0,0.9406,0.749,0.8627,0.3665,0.0,0.0614,,
M2 CTGAN,57,0.8404,0.9999,0.8399,0.5558,0.9093,0.3847,0.0492,0.0055,,
M3 PAR,57,0.6309,0.7426,0.7793,0.5536,0.7815,0.2582,0.0,0.0236,,
M4 TVAE,57,0.8725,1.0,0.798,0.7729,0.822,0.3862,0.0,0.0146,,
M5 MST-DP,57,0.8507,0.9996,0.92,0.8465,0.8483,0.3784,0.0,0.5521,,
M1 HMA-GC,58,0.8819,1.0,0.9352,0.7285,0.8654,0.376,0.0,0.0851,,
M2 CTGAN,58,0.8498,0.9991,0.8432,0.5598,0.9102,0.3874,0.0266,0.0135,,
M3 PAR,58,0.6429,0.7429,0.7811,0.5294,0.7832,0.3136,0.0,0.0554,,
M4 TVAE,58,0.8796,0.9998,0.7956,0.7701,0.827,0.3869,0.0,0.0386,,
M5 MST-DP,58,0.8618,0.9996,0.9207,0.8389,0.8462,0.3718,0.0,0.5743,,
M1 HMA-GC,59,0.8725,1.0,0.937,0.7161,0.8616,0.389,0.0,0.0773,,
M2 CTGAN,59,0.8617,0.9997,0.8411,0.5645,0.9061,0.3968,0.0006,0.0108,,
M3 PAR,59,0.5745,0.745,0.778,0.5417,0.7788,0.3119,0.0,0.0362,,
M4 TVAE,59,0.8873,1.0,0.7922,0.7851,0.8273,0.3975,0.0,0.0223,,
M5 MST-DP,59,0.9283,0.9998,0.9252,0.8238,0.8479,0.3873,0.0,0.5504,,
M1 HMA-GC,60,0.8712,0.9999,0.9343,0.738,0.8631,0.3917,0.0,0.0966,,
M2 CTGAN,60,0.8579,0.9995,0.8304,0.5625,0.9067,0.4013,0.0382,0.0183,,
M3 PAR,60,0.5812,0.7455,0.7775,0.5228,0.7827,0.2821,0.0,0.0473,,
M4 TVAE,60,0.889,0.9999,0.792,0.7939,0.8267,0.3906,0.0,0.0297,,
M5 MST-DP,60,0.9259,0.9996,0.9227,0.8113,0.8495,0.3858,0.0,0.5599,,
M1 HMA-GC,61,0.8831,1.0,0.9315,0.7234,0.8653,0.3931,0.0,0.0662,,
M2 CTGAN,61,0.8495,1.0,0.842,0.5587,0.9092,0.4096,0.0628,0.0013,,
M3 PAR,61,0.6443,0.7454,0.7846,0.5304,0.7814,0.3177,0.0,0.0223,,
M4 TVAE,61,0.8791,1.0,0.7996,0.7795,0.827,0.3887,0.0,0.0144,,
M5 MST-DP,61,0.8529,0.9998,0.9199,0.8394,0.8448,0.3876,0.0,0.5599,,
M1 HMA-GC,62,0.8843,1.0,0.9362,0.7405,0.8683,0.3881,0.0,0.0754,,
M2 CTGAN,62,0.8356,0.9998,0.837,0.5655,0.9063,0.395,0.0009,0.0101,,
M3 PAR,62,0.6196,0.7403,0.7818,0.5511,0.7809,0.3233,0.0,0.0426,,
M4 TVAE,62,0.877,1.0,0.7902,0.7818,0.8201,0.3741,0.0,0.0294,,
M5 MST-DP,62,0.8378,0.9996,0.9225,0.8177,0.8447,0.3865,0.0,0.5408,,
M1 HMA-GC,63,0.8795,1.0,0.942,0.7306,0.8664,0.3757,0.0,0.0851,,
M2 CTGAN,63,0.8503,1.0,0.8351,0.5686,0.9089,0.3864,0.018,0.014,,
M3 PAR,63,0.6393,0.7398,0.7806,0.5444,0.7852,0.3057,0.0,0.0451,,
M4 TVAE,63,0.8847,1.0,0.7884,0.7792,0.8309,0.3922,0.0,0.039,,
M5 MST-DP,63,0.8493,0.9996,0.9245,0.8358,0.8449,0.3864,0.0,0.5728,,
M1 HMA-GC,64,0.876,1.0,0.941,0.7169,0.865,0.3664,0.0,0.075,,
M2 CTGAN,64,0.8491,0.9999,0.84,0.5577,0.9074,0.395,0.0023,0.0095,,
M3 PAR,64,0.6447,0.7441,0.7816,0.5503,0.7802,0.282,0.0,0.0428,,
M4 TVAE,64,0.8754,1.0,0.7912,0.7737,0.8251,0.3963,0.0,0.0253,,
M5 MST-DP,64,0.8534,0.9996,0.9247,0.838,0.8395,0.3977,0.0,0.5836,,
M1 HMA-GC,65,0.8819,1.0,0.9412,0.7189,0.8677,0.4002,0.0,0.0809,,
M2 CTGAN,65,0.8473,0.9995,0.8286,0.5643,0.9083,0.3889,0.0261,0.0126,,
M3 PAR,65,0.6359,0.7418,0.777,0.5385,0.7854,0.3152,0.0,0.0503,,
M4 TVAE,65,0.8761,1.0,0.7829,0.775,0.8245,0.3811,0.0,0.0294,,
M5 MST-DP,65,0.8516,0.9996,0.9277,0.8461,0.8484,0.3963,0.0,0.5845,,
M1 HMA-GC,66,0.884,1.0,0.9346,0.746,0.8656,0.3762,0.0,0.0862,,
M2 CTGAN,66,0.8469,0.9999,0.8344,0.5699,0.9074,0.3948,0.0212,0.0069,,
M3 PAR,66,0.6421,0.7441,0.7867,0.5504,0.783,0.3085,0.0,0.0326,,
M4 TVAE,66,0.8773,1.0,0.7794,0.7702,0.8257,0.3917,0.0,0.0262,,
M5 MST-DP,66,0.8488,0.9997,0.929,0.8361,0.8514,0.3803,0.0,0.558,,
M1 HMA-GC,67,0.8705,0.9999,0.9342,0.7314,0.8619,0.3907,0.0,0.0799,,
M2 CTGAN,67,0.8558,0.9997,0.8348,0.5567,0.9073,0.3843,0.0456,0.0182,,
M3 PAR,67,0.5738,0.7397,0.7824,0.5405,0.7817,0.325,0.0,0.0327,,
M4 TVAE,67,0.8869,1.0,0.7902,0.7849,0.8246,0.3855,0.0,0.0298,,
M5 MST-DP,67,0.9294,0.9995,0.92,0.8104,0.8477,0.3834,0.0,0.5679,,
M1 HMA-GC,68,0.8775,1.0,0.9394,0.7347,0.8644,0.3795,0.0,0.0975,,
M2 CTGAN,68,0.8402,1.0,0.8356,0.5665,0.9069,0.3974,0.0475,0.0078,,
M3 PAR,68,0.6332,0.742,0.7788,0.5484,0.783,0.3234,0.0,0.0404,,
M4 TVAE,68,0.8783,1.0,0.7937,0.7755,0.8292,0.38,0.0,0.037,,
M5 MST-DP,68,0.8506,0.9996,0.9268,0.8299,0.8509,0.3884,0.0,0.5876,,
M1 HMA-GC,69,0.8769,1.0,0.936,0.7455,0.8647,0.3888,0.0,0.0648,,
M2 CTGAN,69,0.8373,0.9999,0.8351,0.5712,0.9065,0.4041,0.1614,0.0129,,
M3 PAR,69,0.6257,0.7411,0.7845,0.5482,0.7806,0.2786,0.0,0.0528,,
M4 TVAE,69,0.8676,1.0,0.7922,0.7721,0.8235,0.4075,0.0,0.0174,,
M5 MST-DP,69,0.8473,0.9997,0.928,0.8495,0.8474,0.3852,0.0,0.5499,,
M1 HMA-GC,70,0.8861,0.9983,0.9377,0.7384,0.8644,0.3852,0.0,0.0753,,
M2 CTGAN,70,0.8368,0.9989,0.8348,0.5731,0.9066,0.4006,0.0007,0.016,,
M3 PAR,70,0.6357,0.7427,0.7875,0.5367,0.7851,0.3186,0.0,0.0507,,
M4 TVAE,70,0.8703,0.9995,0.7954,0.779,0.8226,0.3994,0.0,0.0291,,
M5 MST-DP,70,0.8534,0.9995,0.9298,0.8271,0.8471,0.3862,0.0,0.584,,
M1 HMA-GC,71,0.8827,0.9999,0.9358,0.7277,0.8662,0.3645,0.0,0.0718,,
M2 CTGAN,71,0.8347,0.9992,0.8386,0.5605,0.9061,0.3897,0.0007,0.0125,,
M3 PAR,71,0.6397,0.7434,0.7941,0.5449,0.7829,0.3104,0.0,0.0487,,
M4 TVAE,71,0.8757,0.9998,0.7925,0.7787,0.8235,0.3935,0.0,0.0297,,
M5 MST-DP,71,0.8468,0.9995,0.9262,0.8344,0.8481,0.3925,0.0,0.5643,,
M1 HMA-GC,72,0.8644,0.9999,0.9371,0.731,0.8641,0.3868,0.0,0.0927,,
M2 CTGAN,72,0.847,0.9997,0.8375,0.5662,0.908,0.3849,0.0242,0.026,,
M3 PAR,72,0.5665,0.739,0.7831,0.5359,0.7803,0.3153,0.0,0.0594,,
M4 TVAE,72,0.8828,1.0,0.7912,0.7791,0.8287,0.4009,0.0,0.0286,,
M5 MST-DP,72,0.9225,0.9996,0.929,0.8319,0.8481,0.3879,0.0,0.5627,,
M1 HMA-GC,73,0.8768,1.0,0.9359,0.7463,0.8667,0.3871,0.0,0.0924,,
M2 CTGAN,73,0.8615,0.9998,0.8357,0.5742,0.9063,0.4021,0.0025,0.0104,,
M3 PAR,73,0.5723,0.7382,0.7759,0.5286,0.7798,0.3235,0.0,0.0346,,
M4 TVAE,73,0.8886,1.0,0.7891,0.7832,0.8299,0.4047,0.0,0.036,,
M5 MST-DP,73,0.9294,0.9996,0.9255,0.8208,0.8441,0.393,0.0,0.5888,,
M1 HMA-GC,74,0.8826,1.0,0.936,0.7363,0.8615,0.3818,0.0,0.0698,,
M2 CTGAN,74,0.847,0.9997,0.8403,0.5623,0.9094,0.3908,0.0085,0.0053,,
M3 PAR,74,0.6398,0.7406,0.7788,0.5333,0.7859,0.3058,0.0,0.0245,,
M4 TVAE,74,0.8791,1.0,0.7953,0.785,0.8257,0.3822,0.0,0.02,,
M5 MST-DP,74,0.8519,0.9996,0.924,0.8274,0.8455,0.371,0.0,0.5814,,
M1 HMA-GC,75,0.8815,0.9999,0.9388,0.735,0.8645,0.3915,0.0,0.0723,,
M2 CTGAN,75,0.8309,0.9996,0.8406,0.5644,0.9073,0.4021,0.0006,0.0148,,
M3 PAR,75,0.6381,0.7416,0.7876,0.5565,0.7812,0.2874,0.0,0.037,,
M4 TVAE,75,0.8701,1.0,0.7993,0.7929,0.8175,0.4072,0.0,0.0303,,
M5 MST-DP,75,0.8367,0.9996,0.9245,0.8058,0.8385,0.3991,0.0,0.578,,
M1 HMA-GC,76,0.8821,0.9955,0.9375,0.7159,0.8654,0.4023,0.0,0.0656,,
M2 CTGAN,76,0.848,0.9991,0.8445,0.5621,0.9078,0.411,0.0034,0.0072,,
M3 PAR,76,0.6458,0.7452,0.7872,0.5465,0.7815,0.3247,0.0,0.0365,,
M4 TVAE,76,0.8808,0.999,0.7968,0.7824,0.8249,0.3944,0.0,0.0113,,
M5 MST-DP,76,0.8548,0.9996,0.9245,0.8221,0.8488,0.4179,0.0,0.563,,
M1 HMA-GC,77,0.8761,1.0,0.9344,0.7331,0.8642,0.3742,0.0,0.0947,,
M2 CTGAN,77,0.8417,0.9999,0.8408,0.5727,0.906,0.3869,0.0203,0.0112,,
M3 PAR,77,0.6311,0.7471,0.7796,0.5408,0.7839,0.2831,0.0,0.0471,,
M4 TVAE,77,0.8775,1.0,0.8043,0.7925,0.8218,0.3897,0.0,0.039,,
M5 MST-DP,77,0.8485,0.9996,0.9209,0.8364,0.8465,0.3724,0.0,0.5883,,
M1 HMA-GC,78,0.8684,0.9999,0.9366,0.7315,0.8643,0.3781,0.0,0.0774,,
M2 CTGAN,78,0.8616,0.9993,0.8358,0.5756,0.9057,0.4023,0.0327,0.0197,,
M3 PAR,78,0.5785,0.7425,0.7726,0.546,0.7812,0.301,0.0,0.0452,,
M4 TVAE,78,0.8837,0.9999,0.7894,0.775,0.8213,0.3923,0.0,0.036,,
M5 MST-DP,78,0.923,0.9995,0.9237,0.8007,0.8442,0.3861,0.0,0.5881,,
M1 HMA-GC,79,0.8819,1.0,0.9402,0.7373,0.865,0.3768,0.0,0.0815,,
M2 CTGAN,79,0.8331,0.9997,0.8328,0.5621,0.9059,0.409,0.0166,0.0019,,
M3 PAR,79,0.634,0.7406,0.7766,0.5326,0.7821,0.3091,0.0,0.0356,,
M4 TVAE,79,0.877,1.0,0.7885,0.7938,0.8241,0.3996,0.0,0.0342,,
M5 MST-DP,79,0.8464,0.9996,0.9269,0.8259,0.8426,0.3996,0.0,0.5657,,
M1 HMA-GC,80,0.8818,1.0,0.9428,0.7213,0.8634,0.3781,0.0,0.0843,,
M2 CTGAN,80,0.847,1.0,0.843,0.5688,0.9094,0.3809,0.002,0.0163,,
M3 PAR,80,0.648,0.7464,0.7873,0.5542,0.7793,0.2911,0.0,0.0514,,
M4 TVAE,80,0.8785,1.0,0.7895,0.7687,0.8277,0.3868,0.0,0.0389,,
M5 MST-DP,80,0.8533,0.9996,0.9267,0.8416,0.8439,0.3938,0.0,0.5741,,
M1 HMA-GC,81,0.8821,0.999,0.9387,0.7347,0.8655,0.3857,0.0,0.074,,
M2 CTGAN,81,0.8559,1.0,0.8418,0.5585,0.9084,0.381,0.0094,0.0136,,
M3 PAR,81,0.6405,0.7411,0.7866,0.5572,0.7813,0.2962,0.0,0.0537,,
M4 TVAE,81,0.8833,0.9988,0.7894,0.7903,0.8228,0.3824,0.0,0.0316,,
M5 MST-DP,81,0.855,0.9997,0.9232,0.845,0.8503,0.3799,0.0,0.5646,,
M1 HMA-GC,82,0.8709,1.0,0.9355,0.7378,0.8643,0.3724,0.0,0.0808,,
M2 CTGAN,82,0.8541,0.9995,0.8347,0.5556,0.9111,0.3965,0.0001,0.0067,,
M3 PAR,82,0.581,0.7408,0.7822,0.5455,0.7795,0.2932,0.0,0.0387,,
M4 TVAE,82,0.8836,0.9999,0.7885,0.7732,0.8292,0.3754,0.0,0.0271,,
M5 MST-DP,82,0.9319,0.9997,0.9227,0.8448,0.8499,0.3804,0.0,0.54,,
M1 HMA-GC,83,0.8745,0.9992,0.9357,0.7387,0.8629,0.3835,0.0,0.0746,,
M2 CTGAN,83,0.8591,0.9995,0.8393,0.5506,0.9091,0.3834,0.0037,0.025,,
M3 PAR,83,0.5757,0.7414,0.7795,0.5497,0.7796,0.2971,0.0,0.0594,,
M4 TVAE,83,0.8876,1.0,0.7904,0.7717,0.8288,0.3903,0.0,0.0427,,
M5 MST-DP,83,0.9305,0.9998,0.9208,0.8442,0.842,0.3728,0.0,0.5846,,
M1 HMA-GC,84,0.8706,1.0,0.9368,0.7448,0.8636,0.385,0.0,0.0666,,
M2 CTGAN,84,0.8632,0.9997,0.8385,0.5841,0.9078,0.3897,0.0277,0.0053,,
M3 PAR,84,0.5818,0.7433,0.7815,0.5357,0.7843,0.3038,0.0,0.0332,,
M4 TVAE,84,0.889,1.0,0.7934,0.776,0.8257,0.38,0.0,0.0204,,
M5 MST-DP,84,0.9333,0.9997,0.9275,0.8379,0.8481,0.3736,0.0,0.5438,,
M1 HMA-GC,85,0.8743,1.0,0.9376,0.7416,0.8635,0.396,0.0,0.0816,,
M2 CTGAN,85,0.8604,0.9997,0.8416,0.56,0.9075,0.4091,0.0,0.0038,,
M3 PAR,85,0.5753,0.7413,0.7807,0.5487,0.7837,0.2819,0.0,0.0324,,
M4 TVAE,85,0.8861,1.0,0.7894,0.769,0.8268,0.4029,0.0,0.0218,,
M5 MST-DP,85,0.9277,0.9996,0.9174,0.8298,0.8461,0.395,0.0,0.5474,,
M1 HMA-GC,86,0.8838,1.0,0.9404,0.7373,0.8655,0.3636,0.0,0.0778,,
M2 CTGAN,86,0.8454,0.9998,0.8319,0.5637,0.9103,0.4013,0.0059,0.0118,,
M3 PAR,86,0.6348,0.7354,0.7872,0.5461,0.7795,0.3217,0.0,0.0255,,
M4 TVAE,86,0.8806,0.9995,0.7936,0.7841,0.8254,0.3816,0.0,0.0199,,
M5 MST-DP,86,0.855,0.9995,0.9305,0.8359,0.8451,0.3925,0.0,0.5787,,
M1 HMA-GC,87,0.8823,1.0,0.9374,0.7208,0.8635,0.3812,0.0,0.0725,,
M2 CTGAN,87,0.843,1.0,0.8432,0.5646,0.9065,0.4024,0.021,0.0178,,
M3 PAR,87,0.6462,0.7447,0.7836,0.5467,0.7803,0.3042,0.0,0.0558,,
M4 TVAE,87,0.8779,1.0,0.8033,0.7653,0.8225,0.3938,0.0,0.0305,,
M5 MST-DP,87,0.8556,0.9997,0.9235,0.8512,0.8446,0.3994,0.0,0.5517,,
M1 HMA-GC,88,0.8791,1.0,0.9366,0.742,0.8641,0.3825,0.0,0.0762,,
M2 CTGAN,88,0.8463,0.9998,0.8405,0.5533,0.9063,0.3896,0.0253,0.0152,,
M3 PAR,88,0.646,0.7424,0.7839,0.5434,0.7803,0.3088,0.0,0.0334,,
M4 TVAE,88,0.8774,1.0,0.7878,0.7756,0.8266,0.3982,0.0,0.0353,,
M5 MST-DP,88,0.849,0.9995,0.9254,0.8144,0.8492,0.3885,0.0,0.5736,,
M1 HMA-GC,89,0.876,1.0,0.9445,0.7301,0.8633,0.3841,0.0,0.0885,,
M2 CTGAN,89,0.861,0.9993,0.8354,0.5593,0.9077,0.3889,0.001,0.0177,,
M3 PAR,89,0.5814,0.7451,0.7794,0.5509,0.7823,0.2891,0.0,0.0582,,
M4 TVAE,89,0.8891,0.9999,0.7885,0.7713,0.8264,0.381,0.0,0.0362,,
M5 MST-DP,89,0.9343,0.9997,0.925,0.8388,0.8465,0.3892,0.0,0.5717,,
M1 HMA-GC,90,0.8862,0.9992,0.9331,0.7424,0.8653,0.3663,0.0,0.0701,,
M2 CTGAN,90,0.8552,0.9998,0.844,0.56,0.9099,0.3768,0.0041,0.0128,,
M3 PAR,90,0.6406,0.7393,0.7842,0.5407,0.7841,0.2978,0.0,0.0458,,
M4 TVAE,90,0.8848,0.999,0.7953,0.764,0.826,0.3881,0.0,0.0272,,
M5 MST-DP,90,0.8566,0.9997,0.9179,0.8495,0.8491,0.3797,0.0,0.5684,,
M1 HMA-GC,91,0.8795,0.9999,0.932,0.7326,0.8631,0.3887,0.0,0.0809,,
M2 CTGAN,91,0.8309,0.9996,0.8359,0.5646,0.9054,0.3967,0.0008,0.0002,,
M3 PAR,91,0.6348,0.7465,0.7894,0.548,0.7793,0.2932,0.0,0.0394,,
M4 TVAE,91,0.871,1.0,0.7895,0.7769,0.8213,0.3946,0.0,0.0242,,
M5 MST-DP,91,0.8501,0.9997,0.9188,0.8558,0.8461,0.3934,0.0,0.566,,
M1 HMA-GC,92,0.8796,1.0,0.9371,0.7386,0.8672,0.3776,0.0,0.0798,,
M2 CTGAN,92,0.8528,0.9998,0.8391,0.5648,0.9082,0.4029,0.0332,0.0073,,
M3 PAR,92,0.6299,0.7408,0.7788,0.5398,0.784,0.3085,0.0,0.0542,,
M4 TVAE,92,0.8785,1.0,0.7975,0.7747,0.8256,0.3927,0.0,0.0233,,
M5 MST-DP,92,0.8557,0.9996,0.9223,0.8259,0.8504,0.3846,0.0,0.5588,,
M1 HMA-GC,93,0.87,1.0,0.9383,0.7376,0.8608,0.3794,0.0,0.0731,,
M2 CTGAN,93,0.8437,0.9992,0.835,0.5667,0.9057,0.4011,0.0018,0.0036,,
M3 PAR,93,0.5781,0.7514,0.7795,0.5472,0.7845,0.3182,0.0,0.0349,,
M4 TVAE,93,0.8847,0.9999,0.7993,0.7783,0.8337,0.4013,0.0,0.0312,,
M5 MST-DP,93,0.921,0.9996,0.9234,0.8289,0.8454,0.3967,0.0,0.5595,,
M1 HMA-GC,94,0.8811,1.0,0.9329,0.7315,0.8715,0.3655,0.0,0.0962,,
M2 CTGAN,94,0.851,0.9995,0.8377,0.5524,0.911,0.3771,0.05,0.0098,,
M3 PAR,94,0.6446,0.7402,0.785,0.5509,0.7804,0.2852,0.0,0.0334,,
M4 TVAE,94,0.8794,1.0,0.7958,0.7756,0.8221,0.3846,0.0,0.0391,,
M5 MST-DP,94,0.8532,0.9996,0.9229,0.8486,0.8457,0.3765,0.0,0.571,,
M1 HMA-GC,95,0.8845,0.9999,0.9333,0.7324,0.8664,0.3873,0.0,0.0627,,
M2 CTGAN,95,0.8477,0.9997,0.8327,0.5589,0.9096,0.4069,0.0047,0.0028,,
M3 PAR,95,0.6429,0.7402,0.7826,0.5367,0.7831,0.3193,0.0,0.0684,,
M4 TVAE,95,0.8829,0.9999,0.7918,0.7775,0.8222,0.3885,0.0,0.0225,,
M5 MST-DP,95,0.848,0.9995,0.925,0.8166,0.8436,0.3933,0.0,0.5411,,
M1 HMA-GC,96,0.8756,1.0,0.9416,0.7316,0.8665,0.372,0.0,0.0949,,
M2 CTGAN,96,0.8384,0.9994,0.8372,0.5691,0.9093,0.3947,0.0036,0.0084,,
M3 PAR,96,0.635,0.7333,0.7849,0.5529,0.7818,0.2895,0.0,0.0419,,
M4 TVAE,96,0.8746,1.0,0.797,0.7886,0.8227,0.3824,0.0,0.0221,,
M5 MST-DP,96,0.8466,0.9993,0.9255,0.839,0.8442,0.3855,0.0,0.5928,,
M1 HMA-GC,97,0.8743,0.9987,0.9361,0.7245,0.866,0.3882,0.0,0.0818,,
M2 CTGAN,97,0.8454,0.9998,0.8363,0.5642,0.9077,0.4047,0.0001,0.0042,,
M3 PAR,97,0.6407,0.7415,0.7866,0.5586,0.7828,0.3105,0.0,0.0362,,
M4 TVAE,97,0.8831,0.9993,0.7911,0.7865,0.8271,0.4065,0.0,0.0297,,
M5 MST-DP,97,0.8527,0.9997,0.9183,0.838,0.8492,0.3871,0.0,0.5789,,
M1 HMA-GC,98,0.8717,1.0,0.9357,0.7271,0.8627,0.3821,0.0,0.0766,,
M2 CTGAN,98,0.8606,1.0,0.8384,0.5629,0.9076,0.3875,0.0115,0.0154,,
M3 PAR,98,0.5792,0.739,0.7805,0.5264,0.7831,0.2823,0.0,0.0448,,
M4 TVAE,98,0.8838,1.0,0.7897,0.7602,0.8274,0.3936,0.0,0.0391,,
M5 MST-DP,98,0.9311,0.9997,0.9225,0.8384,0.8484,0.4042,0.0,0.5774,,
M1 HMA-GC,99,0.8817,0.9999,0.9381,0.7341,0.8639,0.3933,0.0,0.0765,,
M2 CTGAN,99,0.8351,0.9997,0.8389,0.5628,0.9057,0.4107,0.0131,0.0079,,
M3 PAR,99,0.6386,0.7429,0.7826,0.527,0.78,0.3213,0.0,0.0544,,
M4 TVAE,99,0.8728,1.0,0.7974,0.7822,0.8241,0.4331,0.0,0.0377,,
M5 MST-DP,99,0.8453,0.9996,0.9208,0.8229,0.8429,0.3952,0.0,0.5495,,
M1 HMA-GC,100,0.875,1.0,0.9342,0.736,0.8658,0.3793,0.0,0.0919,,
M2 CTGAN,100,0.8599,1.0,0.8343,0.5715,0.9064,0.396,0.0004,0.0162,,
M3 PAR,100,0.5845,0.7429,0.7805,0.5447,0.7827,0.2915,0.0,0.0628,,
M4 TVAE,100,0.8885,1.0,0.7895,0.7887,0.8248,0.3884,0.0,0.0396,,
M5 MST-DP,100,0.9323,0.9996,0.9266,0.8429,0.8499,0.3826,0.0,0.5567,,
M1 HMA-GC,101,0.884,1.0,0.9389,0.7236,0.8657,0.3766,0.0,0.0799,,
M2 CTGAN,101,0.8427,1.0,0.8387,0.559,0.907,0.3867,0.0106,0.019,,
M3 PAR,101,0.6415,0.7506,0.7812,0.535,0.7845,0.2978,0.0,0.032,,
M4 TVAE,101,0.8811,1.0,0.7908,0.7825,0.8255,0.3916,0.0,0.0255,,
M5 MST-DP,101,0.8491,0.9997,0.927,0.8371,0.8491,0.381,0.0,0.5794,,
M1 HMA-GC,102,0.8646,0.9999,0.9403,0.7249,0.8605,0.3856,0.0,0.0723,,
M2 CTGAN,102,0.8367,0.9994,0.834,0.5584,0.9082,0.3854,0.0017,0.0057,,
M3 PAR,102,0.5741,0.7444,0.7835,0.5521,0.7825,0.2907,0.0,0.0454,,
M4 TVAE,102,0.8859,0.9999,0.7884,0.7775,0.8313,0.3931,0.0,0.0213,,
M5 MST-DP,102,0.9234,0.9995,0.9244,0.8413,0.8456,0.3807,0.0,0.5686,,
M1 HMA-GC,103,0.8792,0.9999,0.936,0.7354,0.8636,0.3903,0.0,0.0736,,
M2 CTGAN,103,0.8409,0.9994,0.8357,0.5529,0.9065,0.412,0.0242,0.0142,,
M3 PAR,103,0.6456,0.7386,0.7807,0.5257,0.7842,0.3101,0.0,0.0235,,
M4 TVAE,103,0.8826,0.9998,0.7919,0.7794,0.8295,0.3965,0.0,0.033,,
M5 MST-DP,103,0.8507,0.9992,0.9245,0.8151,0.8477,0.3959,0.0,0.556,,
M1 HMA-GC,104,0.8781,0.9999,0.9386,0.7344,0.8621,0.3773,0.0,0.069,,
M2 CTGAN,104,0.8488,0.9993,0.836,0.5497,0.9055,0.3894,0.0001,0.0148,,
M3 PAR,104,0.6413,0.7441,0.7801,0.5447,0.7793,0.3069,0.0,0.0389,,
M4 TVAE,104,0.8791,0.9997,0.7853,0.7755,0.8221,0.3927,0.0,0.0275,,
M5 MST-DP,104,0.8548,0.9997,0.9203,0.8333,0.8507,0.3873,0.0,0.5734,,
M1 HMA-GC,105,0.8702,1.0,0.9388,0.7279,0.8678,0.3657,0.0,0.0863,,
M2 CTGAN,105,0.8506,0.9996,0.8308,0.5679,0.9124,0.3935,0.0379,0.0116,,
M3 PAR,105,0.5612,0.7322,0.7722,0.5321,0.784,0.2924,0.0,0.0289,,
M4 TVAE,105,0.8814,0.9988,0.7874,0.7744,0.8247,0.3955,0.0,0.0383,,
M5 MST-DP,105,0.9177,0.9997,0.9144,0.8344,0.8421,0.3967,0.0,0.5886,,
M1 HMA-GC,106,0.8801,1.0,0.9376,0.7324,0.8676,0.3693,0.0,0.0749,,
M2 CTGAN,106,0.8415,1.0,0.8354,0.5733,0.9109,0.3875,0.0292,0.0039,,
M3 PAR,106,0.6362,0.7457,0.779,0.5512,0.7843,0.2986,0.0,0.0484,,
M4 TVAE,106,0.8792,1.0,0.7882,0.7824,0.8222,0.3941,0.0,0.0245,,
M5 MST-DP,106,0.843,0.9996,0.9224,0.8273,0.8488,0.3702,0.0,0.586,,
M1 HMA-GC,107,0.8717,1.0,0.9347,0.7376,0.865,0.384,0.0,0.0797,,
M2 CTGAN,107,0.8507,0.9996,0.8405,0.572,0.9063,0.3904,0.0817,0.0068,,
M3 PAR,107,0.5663,0.743,0.7789,0.5518,0.7867,0.3039,0.0,0.0349,,
M4 TVAE,107,0.877,1.0,0.791,0.7706,0.8272,0.3997,0.0,0.0323,,
M5 MST-DP,107,0.9272,0.9997,0.9258,0.8308,0.8485,0.3983,0.0,0.5873,,
M1 HMA-GC,108,0.8806,0.9999,0.9376,0.7344,0.8639,0.3848,0.0,0.0864,,
M2 CTGAN,108,0.8461,0.9988,0.8367,0.5533,0.9073,0.3816,0.0062,0.0289,,
M3 PAR,108,0.6431,0.7411,0.786,0.5291,0.7821,0.3024,0.0,0.0494,,
M4 TVAE,108,0.8862,0.9994,0.8015,0.7675,0.8278,0.4005,0.0,0.0304,,
M5 MST-DP,108,0.8466,0.9994,0.9186,0.8208,0.8418,0.396,0.0,0.5843,,
M1 HMA-GC,109,0.8815,0.9999,0.9374,0.7273,0.8653,0.3683,0.0,0.0708,,
M2 CTGAN,109,0.8503,0.9999,0.8311,0.5471,0.9085,0.3799,0.0033,0.0021,,
M3 PAR,109,0.6326,0.7459,0.7834,0.5338,0.7855,0.2982,0.0,0.0282,,
M4 TVAE,109,0.8793,1.0,0.7858,0.7678,0.8267,0.3743,0.0,0.0231,,
M5 MST-DP,109,0.8529,0.9996,0.9246,0.8441,0.8467,0.3816,0.0,0.5474,,
M1 HMA-GC,110,0.8671,0.9999,0.933,0.7499,0.8643,0.3815,0.0,0.0793,,
M2 CTGAN,110,0.8545,0.9998,0.8425,0.5728,0.9075,0.3915,0.0013,0.0166,,
M3 PAR,110,0.5809,0.7471,0.7779,0.5282,0.7785,0.298,0.0,0.0405,,
M4 TVAE,110,0.8899,1.0,0.7949,0.7885,0.8283,0.3752,0.0,0.0367,,
M5 MST-DP,110,0.9299,0.9995,0.924,0.8283,0.845,0.3828,0.0,0.5776,,
M1 HMA-GC,111,0.8704,1.0,0.9339,0.7358,0.8648,0.3785,0.0,0.0709,,
M2 CTGAN,111,0.8601,0.9997,0.8414,0.5609,0.9061,0.3945,0.0032,0.0049,,
M3 PAR,111,0.5848,0.7448,0.7869,0.5542,0.778,0.3076,0.0,0.0322,,
M4 TVAE,111,0.8872,1.0,0.7901,0.7759,0.8252,0.3961,0.0,0.0142,,
M5 MST-DP,111,0.9217,0.9996,0.9224,0.8137,0.841,0.3972,0.0,0.5224,,
M1 HMA-GC,112,0.8669,1.0,0.9334,0.7416,0.8604,0.3751,0.0,0.0686,,
M2 CTGAN,112,0.8497,1.0,0.8338,0.5675,0.9104,0.3783,0.0397,0.0024,,
M3 PAR,112,0.5627,0.7433,0.777,0.5346,0.7846,0.294,0.0,0.0276,,
M4 TVAE,112,0.8782,1.0,0.7848,0.7838,0.828,0.3701,0.0,0.0265,,
M5 MST-DP,112,0.9197,0.9997,0.9231,0.8605,0.8471,0.3789,0.0,0.5419,,
M1 HMA-GC,113,0.8714,0.9999,0.9353,0.7342,0.8625,0.3827,0.0,0.086,,
M2 CTGAN,113,0.8447,0.9998,0.8373,0.5738,0.9095,0.3983,0.0016,0.0122,,
M3 PAR,113,0.5644,0.7388,0.7801,0.5331,0.7829,0.3101,0.0,0.0554,,
M4 TVAE,113,0.8825,1.0,0.79,0.7838,0.8288,0.3829,0.0,0.0326,,
M5 MST-DP,113,0.9173,0.9996,0.924,0.8137,0.8471,0.3902,0.0,0.5742,,
M1 HMA-GC,114,0.8693,1.0,0.9362,0.7249,0.8628,0.3809,0.0,0.0743,,
M2 CTGAN,114,0.8535,0.9998,0.8318,0.551,0.9085,0.3915,0.0002,0.0078,,
M3 PAR,114,0.5836,0.74,0.7852,0.5371,0.7825,0.3066,0.0,0.0289,,
M4 TVAE,114,0.8883,1.0,0.8005,0.7837,0.8248,0.387,0.0,0.0146,,
M5 MST-DP,114,0.9317,0.9996,0.9213,0.8334,0.8495,0.3912,0.0,0.5618,,
M1 HMA-GC,115,0.8806,1.0,0.937,0.7255,0.8676,0.3834,0.0,0.0952,,
M2 CTGAN,115,0.8365,0.9993,0.8389,0.5658,0.9084,0.3943,0.0004,0.0138,,
M3 PAR,115,0.6264,0.7343,0.7828,0.5403,0.7787,0.3194,0.0,0.0565,,
M4 TVAE,115,0.8801,0.9997,0.7911,0.7993,0.8258,0.4176,0.0,0.0345,,
M5 MST-DP,115,0.8459,0.9996,0.925,0.8256,0.8463,0.4003,0.0,0.5541,,
M1 HMA-GC,116,0.8802,0.9999,0.9375,0.7184,0.8653,0.3925,0.0,0.091,,
M2 CTGAN,116,0.8484,0.9993,0.8329,0.5633,0.9056,0.4069,0.005,0.019,,
M3 PAR,116,0.6506,0.7438,0.7871,0.5404,0.7834,0.2967,0.0,0.0331,,
M4 TVAE,116,0.8836,0.9999,0.7957,0.7985,0.8207,0.3938,0.0,0.0387,,
M5 MST-DP,116,0.8535,0.9996,0.9281,0.8093,0.8496,0.4012,0.0,0.5808,,
M1 HMA-GC,117,0.8804,1.0,0.9413,0.7208,0.8654,0.39,0.0,0.0933,,
M2 CTGAN,117,0.8355,0.9998,0.84,0.5652,0.9086,0.3912,0.0001,0.014,,
M3 PAR,117,0.6383,0.7447,0.7828,0.5406,0.7811,0.2964,0.0,0.0338,,
M4 TVAE,117,0.8803,1.0,0.7907,0.7724,0.8258,0.393,0.0,0.0369,,
M5 MST-DP,117,0.8607,0.9997,0.9288,0.8618,0.8524,0.3959,0.0,0.5941,,
M1 HMA-GC,118,0.8752,0.9993,0.9368,0.7351,0.8645,0.3799,0.0,0.0714,,
M2 CTGAN,118,0.843,0.9995,0.8326,0.5535,0.905,0.4128,0.0213,0.0052,,
M3 PAR,118,0.6456,0.7421,0.7828,0.5591,0.7825,0.294,0.0,0.0466,,
M4 TVAE,118,0.8818,0.9988,0.7875,0.7817,0.8226,0.405,0.0,0.0177,,
M5 MST-DP,118,0.8576,0.9997,0.925,0.8392,0.8425,0.3943,0.0,0.5383,,
M1 HMA-GC,119,0.8691,0.9998,0.9381,0.7278,0.866,0.3771,0.0,0.0931,,
M2 CTGAN,119,0.8466,0.9994,0.8375,0.5625,0.9095,0.3937,0.0002,0.0255,,
M3 PAR,119,0.6435,0.7432,0.7817,0.5263,0.7843,0.2795,0.0,0.0508,,
M4 TVAE,119,0.8781,1.0,0.7946,0.7739,0.8288,0.3882,0.0,0.0368,,
M5 MST-DP,119,0.8442,0.9995,0.9239,0.7635,0.8478,0.3822,0.0,0.5982,,
M1 HMA-GC,120,0.8745,1.0,0.9395,0.722,0.8629,0.375,0.0,0.0815,,
M2 CTGAN,120,0.8445,0.9998,0.8338,0.5577,0.9063,0.3845,0.0181,0.0172,,
M3 PAR,120,0.6334,0.7424,0.7695,0.5399,0.7799,0.3274,0.0,0.0488,,
M4 TVAE,120,0.8803,1.0,0.7855,0.772,0.8267,0.3922,0.0,0.0251,,
M5 MST-DP,120,0.8567,0.9994,0.9238,0.805,0.8505,0.3948,0.0,0.5808,,
M1 HMA-GC,121,0.8755,1.0,0.9393,0.7425,0.8678,0.3777,0.0,0.0684,,
M2 CTGAN,121,0.8506,1.0,0.8365,0.5769,0.9085,0.3845,0.0392,0.0024,,
M3 PAR,121,0.5797,0.7427,0.7813,0.5517,0.7834,0.3104,0.0,0.0336,,
M4 TVAE,121,0.8819,1.0,0.7926,0.7798,0.8228,0.394,0.0,0.0241,,
M5 MST-DP,121,0.9298,0.9997,0.9172,0.8522,0.845,0.3842,0.0,0.5631,,
M1 HMA-GC,122,0.8882,0.9999,0.9414,0.7352,0.8657,0.3827,0.0,0.0917,,
M2 CTGAN,122,0.8473,0.9998,0.8346,0.5568,0.905,0.3797,0.0253,0.0133,,
M3 PAR,122,0.6346,0.7423,0.7776,0.5348,0.7812,0.3229,0.0,0.0465,,
M4 TVAE,122,0.8811,1.0,0.794,0.7689,0.8256,0.3865,0.0,0.0409,,
M5 MST-DP,122,0.8577,0.9996,0.927,0.8567,0.8491,0.3805,0.0,0.5718,,
M1 HMA-GC,123,0.8782,1.0,0.9342,0.7582,0.8632,0.3859,0.0,0.0866,,
M2 CTGAN,123,0.8623,0.9996,0.8369,0.574,0.9081,0.3898,0.0017,0.0139,,
M3 PAR,123,0.5949,0.7468,0.7864,0.5518,0.7812,0.3088,0.0,0.0322,,
M4 TVAE,123,0.8826,1.0,0.7949,0.7752,0.8242,0.3938,0.0,0.0441,,
M5 MST-DP,123,0.9318,0.9997,0.9215,0.8402,0.8387,0.3797,0.0,0.5645,,
M1 HMA-GC,124,0.8772,1.0,0.9385,0.7193,0.8654,0.4086,0.0,0.0809,,
M2 CTGAN,124,0.8471,0.9994,0.8292,0.5584,0.9102,0.3975,0.0007,0.0015,,
M3 PAR,124,0.6404,0.7369,0.7815,0.5227,0.7818,0.3319,0.0,0.0582,,
M4 TVAE,124,0.8829,0.9999,0.7893,0.777,0.8277,0.409,0.0,0.0206,,
M5 MST-DP,124,0.8545,0.9989,0.9274,0.8439,0.8507,0.3762,0.0,0.5799,,
M1 HMA-GC,125,0.8787,1.0,0.9368,0.7094,0.8647,0.3733,0.0,0.0734,,
M2 CTGAN,125,0.8433,0.9995,0.8427,0.5523,0.908,0.3829,0.0352,0.0139,,
M3 PAR,125,0.6383,0.7359,0.7839,0.5367,0.7825,0.2884,0.0,0.0227,,
M4 TVAE,125,0.8792,0.9996,0.7954,0.7768,0.8226,0.3921,0.0,0.0324,,
M5 MST-DP,125,0.8491,0.9997,0.9255,0.8369,0.8443,0.3798,0.0,0.5694,,
M1 HMA-GC,126,0.8806,1.0,0.9408,0.7259,0.8627,0.3886,0.0,0.0926,,
M2 CTGAN,126,0.8359,0.9998,0.8375,0.5581,0.9046,0.3988,0.0027,0.0068,,
M3 PAR,126,0.6345,0.7426,0.7828,0.5465,0.7813,0.2961,0.0,0.0426,,
M4 TVAE,126,0.8769,1.0,0.7975,0.7786,0.8283,0.4005,0.0,0.0259,,
M5 MST-DP,126,0.8472,0.9997,0.9275,0.8355,0.849,0.4017,0.0,0.5677,,
M1 HMA-GC,127,0.8842,1.0,0.9376,0.744,0.8619,0.3923,0.0,0.0679,,
M2 CTGAN,127,0.847,0.9994,0.8346,0.5639,0.9046,0.4008,0.0129,0.0141,,
M3 PAR,127,0.6384,0.7401,0.7744,0.5427,0.7793,0.3206,0.0,0.0501,,
M4 TVAE,127,0.8786,0.9999,0.7929,0.7763,0.824,0.3984,0.0,0.0263,,
M5 MST-DP,127,0.8562,0.9996,0.9252,0.8296,0.8455,0.4027,0.0,0.544,,
M1 HMA-GC,128,0.8673,1.0,0.932,0.7267,0.8609,0.3914,0.0,0.0826,,
M2 CTGAN,128,0.8429,0.9995,0.8413,0.5751,0.9062,0.3896,0.0114,0.0102,,
M3 PAR,128,0.6315,0.7379,0.7723,0.5523,0.7825,0.3166,0.0,0.0505,,
M4 TVAE,128,0.8795,0.9997,0.7897,0.7711,0.8296,0.3967,0.0,0.0205,,
M5 MST-DP,128,0.8561,0.9992,0.9271,0.8464,0.85,0.3766,0.0,0.5796,,
M1 HMA-GC,129,0.8753,1.0,0.9425,0.7293,0.8626,0.3786,0.0,0.0669,,
M2 CTGAN,129,0.8632,0.9998,0.8405,0.5627,0.9071,0.4021,0.0034,0.005,,
M3 PAR,129,0.5714,0.7405,0.7847,0.5325,0.78,0.3134,0.0,0.033,,
M4 TVAE,129,0.8855,1.0,0.7905,0.7816,0.8251,0.386,0.0,0.0184,,
M5 MST-DP,129,0.9325,0.9996,0.9243,0.8352,0.8488,0.3809,0.0,0.5676,,
M1 HMA-GC,130,0.8695,1.0,0.9345,0.7294,0.862,0.4021,0.0,0.0846,,
M2 CTGAN,130,0.8578,0.9997,0.8293,0.5742,0.9078,0.3969,0.0002,0.0147,,
M3 PAR,130,0.5832,0.7454,0.7835,0.5399,0.7833,0.2969,0.0,0.0523,,
M4 TVAE,130,0.8854,1.0,0.7875,0.7719,0.8278,0.4143,0.0,0.0392,,
M5 MST-DP,130,0.9289,0.9996,0.9275,0.8281,0.8435,0.3854,0.0,0.5885,,
M1 HMA-GC,131,0.8774,1.0,0.9323,0.7302,0.8665,0.3805,0.0,0.0776,,
M2 CTGAN,131,0.8494,0.9994,0.8375,0.5659,0.9055,0.4023,0.0585,0.0157,,
M3 PAR,131,0.6365,0.7409,0.7823,0.5436,0.7825,0.3348,0.0,0.0305,,
M4 TVAE,131,0.8853,0.9999,0.7959,0.7784,0.8246,0.3857,0.0,0.0215,,
M5 MST-DP,131,0.8596,0.9997,0.9238,0.8332,0.8471,0.3906,0.0,0.5442,,
M1 HMA-GC,132,0.8851,1.0,0.9427,0.7325,0.8644,0.3632,0.0,0.0665,,
M2 CTGAN,132,0.8461,0.9993,0.8371,0.5635,0.9086,0.3842,0.0478,0.0027,,
M3 PAR,132,0.6429,0.7438,0.782,0.5429,0.781,0.2915,0.0,0.0331,,
M4 TVAE,132,0.8819,0.9999,0.7876,0.7815,0.8223,0.385,0.0,0.0188,,
M5 MST-DP,132,0.851,0.9996,0.9252,0.839,0.8465,0.3868,0.0,0.5452,,
M1 HMA-GC,133,0.8781,0.9999,0.9396,0.7453,0.865,0.3853,0.0,0.0728,,
M2 CTGAN,133,0.8624,0.9995,0.8417,0.5866,0.9063,0.3916,0.0002,0.0075,,
M3 PAR,133,0.5745,0.7432,0.7745,0.52,0.7826,0.3029,0.0,0.0404,,
M4 TVAE,133,0.8804,1.0,0.7895,0.7589,0.825,0.3799,0.0,0.0359,,
M5 MST-DP,133,0.9313,0.9996,0.9261,0.8348,0.8485,0.4063,0.0,0.5617,,
M1 HMA-GC,134,0.871,1.0,0.9369,0.7382,0.8661,0.3769,0.0,0.0821,,
M2 CTGAN,134,0.8632,1.0,0.8349,0.5742,0.9069,0.3972,0.0108,0.0098,,
M3 PAR,134,0.5837,0.7451,0.78,0.5421,0.7809,0.3116,0.0,0.0108,,
M4 TVAE,134,0.8908,1.0,0.7925,0.7832,0.8251,0.394,0.0,0.0302,,
M5 MST-DP,134,0.9334,0.9996,0.921,0.8314,0.848,0.4007,0.0,0.5331,,
M1 HMA-GC,135,0.8773,1.0,0.9408,0.7268,0.866,0.3964,0.0,0.0737,,
M2 CTGAN,135,0.8329,1.0,0.8332,0.5536,0.908,0.4036,0.001,0.0046,,
M3 PAR,135,0.6318,0.7405,0.7763,0.5491,0.7858,0.2976,0.0,0.0351,,
M4 TVAE,135,0.88,1.0,0.7892,0.7765,0.8237,0.3942,0.0,0.031,,
M5 MST-DP,135,0.854,0.9997,0.9216,0.8561,0.8504,0.3946,0.0,0.595,,
M1 HMA-GC,136,0.8718,1.0,0.9339,0.7222,0.8632,0.3706,0.0,0.0848,,
M2 CTGAN,136,0.8492,0.9993,0.8399,0.5633,0.9071,0.3882,0.0285,0.0132,,
M3 PAR,136,0.6288,0.7359,0.7715,0.5285,0.7823,0.3182,0.0,0.036,,
M4 TVAE,136,0.8839,0.9995,0.792,0.7726,0.8294,0.3851,0.0,0.0305,,
M5 MST-DP,136,0.8525,0.9992,0.923,0.8391,0.8448,0.3737,0.0,0.5866,,
M1 HMA-GC,137,0.8831,1.0,0.9378,0.7364,0.8644,0.3704,0.0,0.0887,,
M2 CTGAN,137,0.8478,0.9998,0.8448,0.5582,0.9044,0.3935,0.0274,0.0218,,
M3 PAR,137,0.6394,0.7441,0.7815,0.5282,0.7843,0.3097,0.0,0.0663,,
M4 TVAE,137,0.8816,1.0,0.7961,0.779,0.825,0.3824,0.0,0.0345,,
M5 MST-DP,137,0.8484,0.9997,0.9234,0.8331,0.8472,0.3821,0.0,0.5584,,
M1 HMA-GC,138,0.8855,0.9999,0.9329,0.7491,0.863,0.3721,0.0,0.0801,,
M2 CTGAN,138,0.8466,0.9993,0.8323,0.5536,0.9051,0.3968,0.033,0.0011,,
M3 PAR,138,0.6469,0.7363,0.7831,0.546,0.7836,0.3087,0.0,0.0487,,
M4 TVAE,138,0.8845,0.9998,0.7892,0.7726,0.8249,0.3916,0.0,0.0192,,
M5 MST-DP,138,0.8513,0.9996,0.9216,0.8207,0.8434,0.385,0.0,0.547,,
M1 HMA-GC,139,0.869,1.0,0.9382,0.7178,0.861,0.3704,0.0,0.0835,,
M2 CTGAN,139,0.8398,0.9997,0.8319,0.5471,0.9053,0.3936,0.054,0.014,,
M3 PAR,139,0.5651,0.7475,0.7839,0.5374,0.7792,0.3141,0.0,0.0509,,
M4 TVAE,139,0.877,1.0,0.7841,0.7731,0.8279,0.3844,0.0,0.0339,,
M5 MST-DP,139,0.9288,0.9997,0.9202,0.8381,0.8484,0.3779,0.0,0.5474,,
M1 HMA-GC,140,0.8853,0.9993,0.9379,0.719,0.8668,0.3911,0.0,0.0852,,
M2 CTGAN,140,0.8422,0.9991,0.8365,0.5526,0.9085,0.3906,0.0127,0.0036,,
M3 PAR,140,0.6479,0.7328,0.786,0.526,0.7838,0.3201,0.0,0.0656,,
M4 TVAE,140,0.881,0.9986,0.7974,0.7727,0.8248,0.4036,0.0,0.0269,,
M5 MST-DP,140,0.8507,0.9993,0.9237,0.8245,0.8502,0.3869,0.0,0.5643,,
M1 HMA-GC,141,0.8667,1.0,0.9335,0.7321,0.8618,0.3777,0.0,0.0697,,
M2 CTGAN,141,0.8376,0.9998,0.8368,0.5544,0.9028,0.3899,0.0619,0.001,,
M3 PAR,141,0.5683,0.742,0.7908,0.5489,0.78,0.3033,0.0,0.0474,,
M4 TVAE,141,0.8848,1.0,0.802,0.7832,0.8272,0.3932,0.0,0.0103,,
M5 MST-DP,141,0.9155,0.9996,0.9238,0.8312,0.8495,0.3971,0.0,0.5771,,
M1 HMA-GC,142,0.8769,0.9999,0.9395,0.7237,0.8661,0.3777,0.0,0.0903,,
M2 CTGAN,142,0.8418,0.9988,0.8375,0.5645,0.9073,0.3942,0.0392,0.0058,,
M3 PAR,142,0.6303,0.7305,0.786,0.5399,0.7797,0.3182,0.0,0.0392,,
M4 TVAE,142,0.8798,0.9997,0.7908,0.7713,0.8259,0.379,0.0,0.0306,,
M5 MST-DP,142,0.8542,0.999,0.927,0.8362,0.8481,0.3774,0.0,0.5715,,
M1 HMA-GC,143,0.8785,1.0,0.9404,0.7273,0.8611,0.3796,0.0,0.0889,,
M2 CTGAN,143,0.8476,0.9997,0.8378,0.562,0.9087,0.3935,0.0,0.0091,,
M3 PAR,143,0.6434,0.7506,0.7857,0.5345,0.7813,0.3204,0.0,0.0228,,
M4 TVAE,143,0.8821,1.0,0.797,0.7741,0.8262,0.3982,0.0,0.037,,
M5 MST-DP,143,0.8478,0.9997,0.9244,0.8392,0.8492,0.3824,0.0,0.5616,,
M1 HMA-GC,144,0.8753,0.9999,0.9376,0.7325,0.8648,0.3851,0.0,0.0862,,
M2 CTGAN,144,0.8617,0.999,0.8397,0.5649,0.9089,0.3945,0.0071,0.004,,
M3 PAR,144,0.5741,0.7375,0.7785,0.5449,0.7806,0.2992,0.0,0.0318,,
M4 TVAE,144,0.88,0.9996,0.7938,0.7864,0.8214,0.372,0.0,0.026,,
M5 MST-DP,144,0.9279,0.9994,0.9264,0.7913,0.8462,0.3699,0.0,0.5769,,
M1 HMA-GC,145,0.8723,0.9955,0.9378,0.7289,0.8644,0.3879,0.0,0.1026,,
M2 CTGAN,145,0.8622,0.999,0.8347,0.5629,0.9068,0.3917,0.039,0.0162,,
M3 PAR,145,0.581,0.7414,0.7789,0.5538,0.7847,0.2902,0.0,0.0191,,
M4 TVAE,145,0.8843,0.999,0.7803,0.7553,0.8264,0.3985,0.0,0.0237,,
M5 MST-DP,145,0.9313,0.9997,0.9241,0.8449,0.849,0.3784,0.0,0.5686,,
M1 HMA-GC,146,0.8639,0.9999,0.9395,0.7254,0.8663,0.3861,0.0,0.1009,,
M2 CTGAN,146,0.8503,0.9993,0.8348,0.5615,0.9085,0.3919,0.0058,0.0211,,
M3 PAR,146,0.5737,0.7452,0.7788,0.5432,0.7826,0.2973,0.0,0.0514,,
M4 TVAE,146,0.8709,0.9999,0.7895,0.761,0.8244,0.4163,0.0,0.0277,,
M5 MST-DP,146,0.927,0.9997,0.9214,0.8375,0.8464,0.3947,0.0,0.5849,,
M1 HMA-GC,147,0.8736,1.0,0.9327,0.7125,0.8614,0.4102,0.0,0.0858,,
M2 CTGAN,147,0.8524,1.0,0.8442,0.5695,0.909,0.4068,0.0143,0.0187,,
M3 PAR,147,0.6395,0.7406,0.78,0.5325,0.7851,0.3111,0.0,0.0388,,
M4 TVAE,147,0.8797,1.0,0.7952,0.7728,0.8264,0.4145,0.0,0.0236,,
M5 MST-DP,147,0.8547,0.9997,0.9263,0.8428,0.8491,0.4154,0.0,0.5835,,
M1 HMA-GC,148,0.8682,1.0,0.938,0.7366,0.864,0.3817,0.0,0.0843,,
M2 CTGAN,148,0.8599,0.9997,0.8354,0.5643,0.9073,0.3948,0.0076,0.0101,,
M3 PAR,148,0.5795,0.7429,0.784,0.5345,0.7842,0.318,0.0,0.0528,,
M4 TVAE,148,0.887,1.0,0.788,0.7779,0.8241,0.392,0.0,0.028,,
M5 MST-DP,148,0.9272,0.9996,0.9245,0.8317,0.8492,0.3887,0.0,0.5653,,
M1 HMA-GC,149,0.8616,1.0,0.9343,0.7224,0.8628,0.3922,0.0,0.0677,,
M2 CTGAN,149,0.858,0.9998,0.8389,0.5424,0.9067,0.3951,0.0301,0.0178,,
M3 PAR,149,0.5827,0.7438,0.7814,0.5373,0.7821,0.2842,0.0,0.0479,,
M4 TVAE,149,0.8867,1.0,0.7868,0.7662,0.8285,0.398,0.0,0.0263,,
M5 MST-DP,149,0.928,0.9997,0.927,0.8401,0.8477,0.3897,0.0,0.5736,,
M1 HMA-GC,150,0.8771,1.0,0.9395,0.7253,0.8656,0.3807,0.0,0.0892,,
M2 CTGAN,150,0.8427,1.0,0.8367,0.5525,0.9072,0.3789,0.1267,0.0049,,
M3 PAR,150,0.645,0.7433,0.7912,0.5492,0.7821,0.2975,0.0,0.0398,,
M4 TVAE,150,0.8787,1.0,0.7968,0.7815,0.8218,0.3934,0.0,0.0254,,
M5 MST-DP,150,0.857,0.9997,0.9268,0.8437,0.8427,0.3843,0.0,0.5445,,
M1 HMA-GC,151,0.8791,1.0,0.9299,0.7295,0.8644,0.3776,0.0,0.089,,
M2 CTGAN,151,0.8511,0.9998,0.8382,0.5761,0.9063,0.3984,0.0004,0.0087,,
M3 PAR,151,0.6448,0.7444,0.7809,0.5402,0.7838,0.3004,0.0,0.0385,,
M4 TVAE,151,0.8754,1.0,0.7871,0.7738,0.8281,0.3906,0.0,0.0188,,
M5 MST-DP,151,0.8543,0.9996,0.9186,0.8253,0.8476,0.3866,0.0,0.5852,,
M1 HMA-GC,152,0.8816,1.0,0.9376,0.7366,0.8645,0.394,0.0,0.0954,,
M2 CTGAN,152,0.8485,1.0,0.8393,0.5587,0.911,0.4094,0.0008,0.0238,,
M3 PAR,152,0.6357,0.7401,0.7799,0.543,0.7807,0.2947,0.0,0.0397,,
M4 TVAE,152,0.8826,1.0,0.7846,0.7801,0.8238,0.4016,0.0,0.0353,,
M5 MST-DP,152,0.8588,0.9997,0.9206,0.8251,0.8453,0.3946,0.0,0.5791,,
M1 HMA-GC,153,0.8813,1.0,0.939,0.7441,0.8656,0.3901,0.0,0.0871,,
M2 CTGAN,153,0.8419,0.9999,0.8365,0.5676,0.9091,0.4085,0.0054,0.0177,,
M3 PAR,153,0.6283,0.747,0.7785,0.556,0.7813,0.3083,0.0,0.041,,
M4 TVAE,153,0.8698,1.0,0.7897,0.7815,0.8263,0.3895,0.0,0.0375,,
M5 MST-DP,153,0.8538,0.9996,0.9267,0.8416,0.8462,0.3818,0.0,0.5679,,
M1 HMA-GC,154,0.8794,1.0,0.9339,0.7213,0.8628,0.4001,0.0,0.0818,,
M2 CTGAN,154,0.8446,0.9998,0.8342,0.534,0.9061,0.4096,0.0074,0.0108,,
M3 PAR,154,0.6315,0.7354,0.7913,0.5425,0.7789,0.3352,0.0,0.036,,
M4 TVAE,154,0.8759,1.0,0.798,0.7695,0.8237,0.4114,0.0,0.0404,,
M5 MST-DP,154,0.86,0.9996,0.925,0.8194,0.8493,0.3899,0.0,0.5709,,
M1 HMA-GC,155,0.8814,0.9956,0.9375,0.754,0.8661,0.3624,0.0,0.0842,,
M2 CTGAN,155,0.8484,0.9989,0.8358,0.5753,0.9076,0.4022,0.0388,0.0169,,
M3 PAR,155,0.6396,0.7417,0.7877,0.5486,0.7834,0.2982,0.0,0.0678,,
M4 TVAE,155,0.8837,0.999,0.7922,0.7806,0.8255,0.3926,0.0,0.0348,,
M5 MST-DP,155,0.8487,0.9995,0.9241,0.8018,0.8507,0.3927,0.0,0.5687,,
M1 HMA-GC,156,0.8839,1.0,0.9433,0.7266,0.865,0.392,0.0,0.0838,,
M2 CTGAN,156,0.839,1.0,0.8307,0.5561,0.9044,0.3896,0.0007,0.0086,,
M3 PAR,156,0.644,0.7417,0.7823,0.548,0.7856,0.3114,0.0,0.048,,
M4 TVAE,156,0.8802,1.0,0.7928,0.7834,0.8246,0.4072,0.0,0.0386,,
M5 MST-DP,156,0.8603,0.9997,0.9205,0.8342,0.8457,0.3872,0.0,0.5826,,
M1 HMA-GC,157,0.8721,0.9999,0.9342,0.7425,0.8663,0.3992,0.0,0.0804,,
M2 CTGAN,157,0.8658,0.9998,0.832,0.5767,0.906,0.3992,0.0024,0.0143,,
M3 PAR,157,0.5857,0.7414,0.78,0.5473,0.7842,0.3017,0.0,0.0577,,
M4 TVAE,157,0.8886,1.0,0.785,0.7806,0.8253,0.3962,0.0,0.0347,,
M5 MST-DP,157,0.9305,0.9997,0.9215,0.8189,0.8484,0.3847,0.0,0.5678,,
M1 HMA-GC,158,0.8708,0.9955,0.9369,0.7219,0.8645,0.3812,0.0,0.0802,,
M2 CTGAN,158,0.8591,0.9962,0.8322,0.5415,0.9091,0.3935,0.0264,0.0084,,
M3 PAR,158,0.5716,0.7391,0.7762,0.5408,0.7815,0.2864,0.0,0.0368,,
M4 TVAE,158,0.884,0.9985,0.7831,0.7661,0.8264,0.3849,0.0,0.0223,,
M5 MST-DP,158,0.9339,0.9996,0.9206,0.8213,0.8457,0.387,0.0,0.562,,
M1 HMA-GC,159,0.8883,0.9999,0.9374,0.7576,0.8614,0.3667,0.0,0.0888,,
M2 CTGAN,159,0.8445,0.9996,0.834,0.5733,0.9045,0.386,0.0024,0.0071,,
M3 PAR,159,0.6395,0.7458,0.785,0.5515,0.7844,0.2988,0.0,0.0421,,
M4 TVAE,159,0.882,1.0,0.7946,0.7809,0.8172,0.4042,0.0,0.0371,,
M5 MST-DP,159,0.8499,0.9996,0.9214,0.8223,0.8445,0.3872,0.0,0.5542,,
M1 HMA-GC,160,0.8815,1.0,0.9416,0.7388,0.8626,0.3836,0.0,0.0784,,
M2 CTGAN,160,0.8484,0.9998,0.8346,0.5595,0.9072,0.3976,0.1142,0.0207,,
M3 PAR,160,0.6515,0.7435,0.7867,0.5376,0.7822,0.3045,0.0,0.0456,,
M4 TVAE,160,0.8759,1.0,0.7955,0.7715,0.8205,0.3901,0.0,0.0235,,
M5 MST-DP,160,0.854,0.9996,0.9272,0.8215,0.8445,0.3915,0.0,0.5596,,
M1 HMA-GC,161,0.8652,1.0,0.9372,0.7115,0.8652,0.38,0.0,0.0917,,
M2 CTGAN,161,0.8581,1.0,0.8338,0.5642,0.9079,0.4095,0.0001,0.0192,,
M3 PAR,161,0.5744,0.7423,0.7766,0.5362,0.7866,0.2952,0.0,0.0394,,
M4 TVAE,161,0.886,1.0,0.7827,0.7821,0.8285,0.4005,0.0,0.0279,,
M5 MST-DP,161,0.9365,0.9997,0.925,0.8353,0.8472,0.4047,0.0,0.5754,,
M1 HMA-GC,162,0.8855,0.9954,0.9397,0.7355,0.8657,0.3644,0.0,0.0818,,
M2 CTGAN,162,0.858,0.9989,0.8373,0.5835,0.9092,0.3914,0.0436,0.0138,,
M3 PAR,162,0.6333,0.7457,0.7828,0.5487,0.7876,0.3028,0.0,0.0278,,
M4 TVAE,162,0.8747,0.9989,0.7875,0.7766,0.8262,0.3962,0.0,0.0247,,
M5 MST-DP,162,0.8554,0.9996,0.9255,0.8355,0.8467,0.3912,0.0,0.6003,,
M1 HMA-GC,163,0.8824,1.0,0.9347,0.7256,0.8609,0.3846,0.0,0.069,,
M2 CTGAN,163,0.8321,1.0,0.8331,0.5465,0.9047,0.3905,0.0048,0.0035,,
M3 PAR,163,0.6311,0.7429,0.7796,0.5432,0.783,0.304,0.0,0.0334,,
M4 TVAE,163,0.8704,1.0,0.7933,0.7667,0.8266,0.4066,0.0,0.0362,,
M5 MST-DP,163,0.854,0.9997,0.9238,0.8414,0.8487,0.3931,0.0,0.5759,,
M1 HMA-GC,164,0.8702,0.9955,0.9361,0.7394,0.8653,0.3827,0.0,0.0794,,
M2 CTGAN,164,0.8493,0.999,0.8388,0.5741,0.9101,0.409,0.0064,0.0004,,
M3 PAR,164,0.5725,0.7452,0.7832,0.5387,0.7839,0.2994,0.0,0.0397,,
M4 TVAE,164,0.8845,0.999,0.7928,0.7809,0.8277,0.4069,0.0,0.0248,,
M5 MST-DP,164,0.9181,0.9996,0.9241,0.8112,0.8481,0.3902,0.0,0.5563,,
M1 HMA-GC,165,0.8794,1.0,0.9377,0.7371,0.8619,0.3895,0.0,0.064,,
M2 CTGAN,165,0.8378,0.9997,0.8382,0.5527,0.9079,0.4068,0.0205,0.0093,,
M3 PAR,165,0.6468,0.7422,0.7822,0.5359,0.7797,0.3345,0.0,0.0338,,
M4 TVAE,165,0.8755,1.0,0.7883,0.7702,0.828,0.3977,0.0,0.025,,
M5 MST-DP,165,0.8516,0.9996,0.9213,0.8357,0.8484,0.3902,0.0,0.5487,,
M1 HMA-GC,166,0.8772,1.0,0.9394,0.7249,0.8629,0.3752,0.0,0.0683,,
M2 CTGAN,166,0.8274,0.9993,0.8312,0.5432,0.9061,0.3871,0.0079,0.0101,,
M3 PAR,166,0.6319,0.7371,0.7855,0.5374,0.7814,0.2985,0.0,0.0428,,
M4 TVAE,166,0.8726,0.9995,0.7919,0.7759,0.826,0.3833,0.0,0.0276,,
M5 MST-DP,166,0.8515,0.9994,0.9256,0.8125,0.8504,0.3905,0.0,0.5621,,
M1 HMA-GC,167,0.8725,1.0,0.9304,0.7196,0.8615,0.3809,0.0,0.0782,,
M2 CTGAN,167,0.8368,0.9999,0.8357,0.5502,0.9068,0.3984,0.0015,0.0022,,
M3 PAR,167,0.6343,0.7411,0.7807,0.5266,0.7813,0.3104,0.0,0.0367,,
M4 TVAE,167,0.8645,1.0,0.7888,0.768,0.8231,0.4023,0.0,0.0206,,
M5 MST-DP,167,0.848,0.9996,0.9186,0.8224,0.8412,0.3801,0.0,0.5512,,
M1 HMA-GC,168,0.8701,1.0,0.9384,0.7334,0.8651,0.3832,0.0,0.0685,,
M2 CTGAN,168,0.8561,0.9998,0.8353,0.5557,0.9049,0.4027,0.003,0.0029,,
M3 PAR,168,0.5746,0.7401,0.7725,0.5356,0.7847,0.311,0.0,0.056,,
M4 TVAE,168,0.8833,1.0,0.7959,0.7834,0.8228,0.3921,0.0,0.0229,,
M5 MST-DP,168,0.9273,0.9996,0.9271,0.8352,0.8394,0.3818,0.0,0.5895,,
M1 HMA-GC,169,0.8846,0.9999,0.9425,0.7296,0.862,0.3759,0.0,0.0693,,
M2 CTGAN,169,0.8541,0.9986,0.8295,0.5745,0.909,0.377,0.016,0.0103,,
M3 PAR,169,0.6476,0.7322,0.785,0.5406,0.783,0.3054,0.0,0.057,,
M4 TVAE,169,0.8759,0.9995,0.7864,0.7788,0.8241,0.4115,0.0,0.0421,,
M5 MST-DP,169,0.8506,0.9986,0.9303,0.8411,0.8484,0.3918,0.0,0.5872,,
M1 HMA-GC,170,0.8796,0.9999,0.9284,0.7314,0.8672,0.3836,0.0,0.0847,,
M2 CTGAN,170,0.8344,0.9997,0.8315,0.5628,0.9085,0.3886,0.0079,0.0162,,
M3 PAR,170,0.6388,0.7398,0.7792,0.5565,0.7838,0.3,0.0,0.0547,,
M4 TVAE,170,0.8767,1.0,0.7854,0.7766,0.8236,0.3858,0.0,0.0207,,
M5 MST-DP,170,0.8445,0.9995,0.9195,0.8143,0.8484,0.3873,0.0,0.5577,,
M1 HMA-GC,171,0.8815,1.0,0.9356,0.7238,0.864,0.3878,0.0,0.0738,,
M2 CTGAN,171,0.8465,0.9998,0.84,0.5664,0.9085,0.3864,0.002,0.0175,,
M3 PAR,171,0.6492,0.7434,0.787,0.5525,0.7835,0.3057,0.0,0.0671,,
M4 TVAE,171,0.8818,1.0,0.7901,0.781,0.8274,0.3981,0.0,0.03,,
M5 MST-DP,171,0.8567,0.9996,0.9237,0.8118,0.8503,0.3795,0.0,0.5673,,
M1 HMA-GC,172,0.8741,0.9999,0.9335,0.7474,0.8644,0.3803,0.0,0.0955,,
M2 CTGAN,172,0.8579,0.9996,0.832,0.5716,0.9084,0.3927,0.0925,0.0303,,
M3 PAR,172,0.5861,0.7454,0.7787,0.5605,0.7856,0.2987,0.0,0.0481,,
M4 TVAE,172,0.8868,1.0,0.7869,0.7712,0.8248,0.3801,0.0,0.0388,,
M5 MST-DP,172,0.9302,0.9995,0.926,0.8226,0.8467,0.3716,0.0,0.5542,,
M1 HMA-GC,173,0.8826,1.0,0.9353,0.7434,0.8662,0.3789,0.0,0.0959,,
M2 CTGAN,173,0.8233,0.9994,0.8378,0.578,0.9058,0.3917,0.0004,0.0009,,
M3 PAR,173,0.6385,0.7428,0.7928,0.5452,0.7847,0.3102,0.0,0.0534,,
M4 TVAE,173,0.8626,0.9999,0.7897,0.7792,0.8221,0.3838,0.0,0.0328,,
M5 MST-DP,173,0.8485,0.9996,0.9265,0.8348,0.8478,0.3814,0.0,0.5684,,
M1 HMA-GC,174,0.8819,0.9999,0.9356,0.7314,0.864,0.3892,0.0,0.0853,,
M2 CTGAN,174,0.8468,0.9995,0.8356,0.5535,0.9065,0.4128,0.0044,0.021,,
M3 PAR,174,0.6391,0.7462,0.7723,0.5339,0.7825,0.3031,0.0,0.062,,
M4 TVAE,174,0.8819,0.9999,0.79,0.7725,0.83,0.4034,0.0,0.0545,,
M5 MST-DP,174,0.8554,0.9997,0.9236,0.8465,0.8463,0.3787,0.0,0.5741,,
M1 HMA-GC,175,0.8762,1.0,0.9391,0.7339,0.8659,0.3913,0.0,0.1013,,
M2 CTGAN,175,0.8583,0.9998,0.8375,0.5727,0.908,0.4041,0.0192,0.0241,,
M3 PAR,175,0.5866,0.7433,0.7851,0.5381,0.785,0.2915,0.0,0.0592,,
M4 TVAE,175,0.8874,1.0,0.7926,0.7929,0.8244,0.4123,0.0,0.0405,,
M5 MST-DP,175,0.9326,0.9996,0.9265,0.821,0.8486,0.3947,0.0,0.5865,,
M1 HMA-GC,176,0.8818,0.9999,0.9369,0.7312,0.8665,0.3987,0.0,0.07,,
M2 CTGAN,176,0.8481,0.9998,0.8462,0.5626,0.9082,0.3966,0.0011,0.0117,,
M3 PAR,176,0.6421,0.7463,0.7884,0.5556,0.7819,0.297,0.0,0.0329,,
M4 TVAE,176,0.8809,1.0,0.7916,0.7881,0.8257,0.377,0.0,0.0163,,
M5 MST-DP,176,0.8564,0.9996,0.9192,0.8246,0.8448,0.388,0.0,0.5859,,
M1 HMA-GC,177,0.8688,1.0,0.9378,0.7313,0.8615,0.3924,0.0,0.0752,,
M2 CTGAN,177,0.8613,0.9997,0.8381,0.5736,0.9038,0.4021,0.009,0.0188,,
M3 PAR,177,0.5878,0.7422,0.7845,0.5457,0.7829,0.2921,0.0,0.0487,,
M4 TVAE,177,0.883,1.0,0.783,0.7665,0.8288,0.38,0.0,0.0267,,
M5 MST-DP,177,0.9276,0.9997,0.9247,0.8308,0.8468,0.3767,0.0,0.5804,,
M1 HMA-GC,178,0.8807,0.9955,0.9307,0.7389,0.8646,0.3809,0.0,0.0674,,
M2 CTGAN,178,0.8277,0.9981,0.834,0.558,0.9037,0.3867,0.0,0.0117,,
M3 PAR,178,0.6257,0.7386,0.7747,0.5433,0.7875,0.2945,0.0,0.0219,,
M4 TVAE,178,0.874,0.9989,0.7942,0.7823,0.8239,0.385,0.0,0.0238,,
M5 MST-DP,178,0.8393,0.9995,0.9197,0.8211,0.8493,0.3949,0.0,0.5503,,
M1 HMA-GC,179,0.8726,1.0,0.9372,0.7486,0.8652,0.3963,0.0,0.0647,,
M2 CTGAN,179,0.8469,0.9998,0.8349,0.5627,0.9086,0.3922,0.0304,0.0105,,
M3 PAR,179,0.5679,0.7423,0.7826,0.5392,0.7836,0.3113,0.0,0.0562,,
M4 TVAE,179,0.8799,1.0,0.7896,0.7761,0.8223,0.397,0.0,0.0346,,
M5 MST-DP,179,0.9258,0.9995,0.9261,0.8159,0.8439,0.3907,0.0,0.5848,,
M1 HMA-GC,180,0.877,1.0,0.9388,0.7296,0.8672,0.3843,0.0,0.0737,,
M2 CTGAN,180,0.8413,1.0,0.8389,0.5706,0.9057,0.3956,0.0291,0.0226,,
M3 PAR,180,0.6119,0.7406,0.7809,0.5472,0.7852,0.286,0.0,0.0489,,
M4 TVAE,180,0.8777,1.0,0.7946,0.7806,0.8214,0.3757,0.0,0.0444,,
M5 MST-DP,180,0.8506,0.9996,0.921,0.8519,0.843,0.373,0.0,0.5798,,
M1 HMA-GC,181,0.8721,1.0,0.937,0.7443,0.8633,0.3914,0.0,0.0681,,
M2 CTGAN,181,0.8429,1.0,0.8347,0.5688,0.9078,0.3962,0.0007,0.006,,
M3 PAR,181,0.6392,0.7454,0.782,0.5457,0.7811,0.2882,0.0,0.0518,,
M4 TVAE,181,0.8776,1.0,0.7902,0.7755,0.8276,0.3824,0.0,0.035,,
M5 MST-DP,181,0.8457,0.9998,0.9255,0.8272,0.8478,0.3786,0.0,0.5763,,
M1 HMA-GC,182,0.8876,0.9999,0.9403,0.7375,0.8654,0.38,0.0,0.0795,,
M2 CTGAN,182,0.8521,0.9994,0.8417,0.5584,0.9075,0.4002,0.0392,0.0041,,
M3 PAR,182,0.6398,0.7417,0.7865,0.5477,0.7792,0.3233,0.0,0.0307,,
M4 TVAE,182,0.8814,0.9998,0.8038,0.7719,0.8247,0.3915,0.0,0.0246,,
M5 MST-DP,182,0.8509,0.9996,0.9224,0.8393,0.8447,0.3774,0.0,0.5602,,
M1 HMA-GC,183,0.8757,1.0,0.9394,0.7339,0.8615,0.4039,0.0,0.0793,,
M2 CTGAN,183,0.8562,0.9997,0.8369,0.5577,0.9059,0.3902,0.0007,0.0008,,
M3 PAR,183,0.5876,0.7448,0.7792,0.5525,0.7845,0.309,0.0,0.0124,,
M4 TVAE,183,0.886,1.0,0.791,0.7843,0.8267,0.4093,0.0,0.0227,,
M5 MST-DP,183,0.9331,0.9996,0.9231,0.843,0.8469,0.3995,0.0,0.5771,,
M1 HMA-GC,184,0.8663,0.9983,0.941,0.7293,0.8612,0.3672,0.0,0.0693,,
M2 CTGAN,184,0.8588,0.9988,0.8408,0.5662,0.9072,0.3771,0.0177,0.0055,,
M3 PAR,184,0.583,0.7409,0.7898,0.5447,0.7861,0.3037,0.0,0.029,,
M4 TVAE,184,0.8914,0.9992,0.7932,0.7763,0.8278,0.3797,0.0,0.0327,,
M5 MST-DP,184,0.9242,0.9996,0.9249,0.8268,0.8468,0.3798,0.0,0.546,,
M1 HMA-GC,185,0.8861,0.9999,0.9358,0.7384,0.8634,0.3935,0.0,0.0837,,
M2 CTGAN,185,0.8416,0.9998,0.8443,0.5601,0.9042,0.4026,0.021,0.016,,
M3 PAR,185,0.6373,0.7469,0.7774,0.5291,0.7794,0.3085,0.0,0.0441,,
M4 TVAE,185,0.8737,1.0,0.7924,0.7752,0.8281,0.4013,0.0,0.0275,,
M5 MST-DP,185,0.8552,0.9996,0.9267,0.8237,0.8505,0.3919,0.0,0.5645,,
M1 HMA-GC,186,0.8829,1.0,0.935,0.7309,0.8634,0.3939,0.0,0.0743,,
M2 CTGAN,186,0.8475,0.9997,0.8346,0.566,0.9088,0.4023,0.0007,0.0107,,
M3 PAR,186,0.6453,0.742,0.7842,0.5496,0.7822,0.3018,0.0,0.0328,,
M4 TVAE,186,0.8796,1.0,0.789,0.779,0.8289,0.4105,0.0,0.0363,,
M5 MST-DP,186,0.8552,0.9993,0.9257,0.8452,0.8506,0.3915,0.0,0.5796,,
M1 HMA-GC,187,0.8758,1.0,0.9315,0.7283,0.8647,0.3707,0.0,0.0793,,
M2 CTGAN,187,0.842,0.9998,0.8404,0.5515,0.9081,0.3862,0.0178,0.0068,,
M3 PAR,187,0.6341,0.7474,0.7825,0.5354,0.7837,0.2675,0.0,0.0383,,
M4 TVAE,187,0.8662,1.0,0.7876,0.7561,0.8288,0.3932,0.0,0.0342,,
M5 MST-DP,187,0.8546,0.9996,0.9216,0.8358,0.8503,0.3965,0.0,0.5545,,
M1 HMA-GC,188,0.873,0.9993,0.9383,0.7379,0.8626,0.3943,0.0,0.0876,,
M2 CTGAN,188,0.8642,0.9995,0.8391,0.5714,0.9076,0.3899,0.0113,0.0207,,
M3 PAR,188,0.5747,0.737,0.7861,0.5392,0.7808,0.2943,0.0,0.0387,,
M4 TVAE,188,0.8884,0.9997,0.7895,0.7838,0.8237,0.3802,0.0,0.0341,,
M5 MST-DP,188,0.9346,0.9997,0.9197,0.8444,0.8494,0.4034,0.0,0.5742,,
M1 HMA-GC,189,0.8688,0.9999,0.9335,0.7458,0.865,0.3701,0.0,0.0823,,
M2 CTGAN,189,0.8426,0.9993,0.8374,0.5695,0.9092,0.3813,0.0143,0.0071,,
M3 PAR,189,0.571,0.7412,0.782,0.5348,0.7826,0.292,0.0,0.0362,,
M4 TVAE,189,0.8878,1.0,0.8046,0.783,0.8269,0.3764,0.0,0.0257,,
M5 MST-DP,189,0.9223,0.9995,0.9237,0.8199,0.847,0.3842,0.0,0.5688,,
M1 HMA-GC,190,0.8811,1.0,0.9424,0.7388,0.8614,0.3664,0.0,0.0694,,
M2 CTGAN,190,0.8384,1.0,0.837,0.5687,0.9064,0.3936,0.0121,0.0107,,
M3 PAR,190,0.6311,0.7356,0.7849,0.5454,0.7829,0.2934,0.0,0.053,,
M4 TVAE,190,0.8748,0.9997,0.7855,0.7744,0.826,0.4007,0.0,0.0184,,
M5 MST-DP,190,0.8507,0.999,0.9253,0.8439,0.8446,0.3769,0.0,0.5757,,
M1 HMA-GC,191,0.8752,1.0,0.9355,0.7454,0.8638,0.3754,0.0,0.0698,,
M2 CTGAN,191,0.8489,0.9998,0.8377,0.5696,0.9069,0.3873,0.0183,0.0154,,
M3 PAR,191,0.6334,0.7412,0.7764,0.534,0.7843,0.28,0.0,0.0523,,
M4 TVAE,191,0.8787,1.0,0.7977,0.7765,0.8252,0.3873,0.0,0.0198,,
M5 MST-DP,191,0.8539,0.9996,0.9215,0.8186,0.8465,0.3897,0.0,0.5778,,
M1 HMA-GC,192,0.8798,0.9999,0.9385,0.7356,0.864,0.3842,0.0,0.0709,,
M2 CTGAN,192,0.8437,0.9997,0.8411,0.5783,0.9072,0.3874,0.025,0.0113,,
M3 PAR,192,0.6342,0.743,0.7824,0.5689,0.7822,0.2869,0.0,0.0489,,
M4 TVAE,192,0.8762,1.0,0.789,0.7799,0.8253,0.4056,0.0,0.0206,,
M5 MST-DP,192,0.8485,0.9997,0.9254,0.8375,0.8502,0.3869,0.0,0.5603,,
M1 HMA-GC,193,0.8621,1.0,0.9307,0.7287,0.8601,0.3888,0.0,0.0829,,
M2 CTGAN,193,0.841,0.9996,0.8303,0.5558,0.9092,0.3903,0.062,0.0133,,
M3 PAR,193,0.5659,0.7396,0.7739,0.5389,0.7829,0.2676,0.0,0.0334,,
M4 TVAE,193,0.8786,1.0,0.7856,0.7637,0.831,0.3858,0.0,0.0188,,
M5 MST-DP,193,0.9259,0.9998,0.9179,0.8486,0.8433,0.3713,0.0,0.5847,,
M1 HMA-GC,194,0.8673,0.9999,0.9405,0.7309,0.8662,0.3821,0.0,0.0783,,
M2 CTGAN,194,0.8461,0.9996,0.8338,0.566,0.9087,0.3909,0.0153,0.0012,,
M3 PAR,194,0.5627,0.7419,0.785,0.5338,0.7842,0.3204,0.0,0.0296,,
M4 TVAE,194,0.8854,1.0,0.792,0.7883,0.8224,0.3964,0.0,0.0294,,
M5 MST-DP,194,0.9216,0.9996,0.9257,0.8166,0.8474,0.4082,0.0,0.5708,,
M1 HMA-GC,195,0.8759,1.0,0.9417,0.7383,0.866,0.3842,0.0,0.0942,,
M2 CTGAN,195,0.8431,0.9999,0.8377,0.571,0.9065,0.3826,0.2118,0.0201,,
M3 PAR,195,0.623,0.7386,0.7817,0.5591,0.783,0.2909,0.0,0.0723,,
M4 TVAE,195,0.8777,1.0,0.7873,0.7812,0.8182,0.4078,0.0,0.0351,,
M5 MST-DP,195,0.8505,0.9997,0.924,0.8393,0.8435,0.3874,0.0,0.5606,,
M1 HMA-GC,196,0.8801,1.0,0.9378,0.749,0.8622,0.3936,0.0,0.0947,,
M2 CTGAN,196,0.8397,0.999,0.8434,0.5688,0.9074,0.3824,0.0581,0.0179,,
M3 PAR,196,0.6276,0.7252,0.7817,0.5641,0.7835,0.305,0.0,0.038,,
M4 TVAE,196,0.88,0.9996,0.7927,0.7807,0.8249,0.3917,0.0,0.034,,
M5 MST-DP,196,0.8433,0.9992,0.9226,0.8094,0.8508,0.3857,0.0,0.5919,,
M1 HMA-GC,197,0.8868,0.9999,0.9448,0.7287,0.8656,0.3975,0.0,0.0835,,
M2 CTGAN,197,0.8364,0.9999,0.8339,0.5582,0.9038,0.3945,0.0054,0.0064,,
M3 PAR,197,0.6326,0.7435,0.782,0.5539,0.7817,0.3083,0.0,0.0241,,
M4 TVAE,197,0.8807,1.0,0.7927,0.78,0.8234,0.3823,0.0,0.0301,,
M5 MST-DP,197,0.8477,0.9996,0.9237,0.84,0.8434,0.3893,0.0,0.5789,,
M1 HMA-GC,198,0.876,0.9999,0.9379,0.7236,0.8668,0.3998,0.0,0.0819,,
M2 CTGAN,198,0.852,0.9993,0.8396,0.5541,0.9082,0.39,0.0053,0.0038,,
M3 PAR,198,0.6421,0.7423,0.7862,0.5451,0.7824,0.307,0.0,0.0555,,
M4 TVAE,198,0.867,0.9999,0.7924,0.7788,0.8238,0.4035,0.0,0.0266,,
M5 MST-DP,198,0.857,0.9996,0.9247,0.8511,0.8427,0.3898,0.0,0.5731,,
M1 HMA-GC,199,0.8824,1.0,0.941,0.7439,0.8655,0.3829,0.0,0.0716,,
M2 CTGAN,199,0.8465,0.9993,0.834,0.5792,0.9065,0.3972,0.0374,0.0019,,
M3 PAR,199,0.6348,0.7373,0.778,0.5429,0.7824,0.3261,0.0,0.0276,,
M4 TVAE,199,0.8813,0.9998,0.7878,0.7846,0.8282,0.4032,0.0,0.02,,
M5 MST-DP,199,0.8484,0.9996,0.925,0.8359,0.843,0.3915,0.0,0.564,,
